0,9.841242437321233e+19,-8.530671529296875e+08,7.605432097965129e-05,6.094770637614199e-06,2,3.011379996314645e-01,9.000708196713002e+02
0,1.460415384831742e+20,-8.529730215019531e+08,3.368978873888739e+01,1.689403828791297e-06,3,1.567536406219006e-01,9.000859255020695e+02
0,1.002482420581814e+20,-8.529614145781250e+08,1.580272483681680e+01,3.530762377981205e-06,5,1.215013805776834e-01,9.000941281447410e+02
0,9.089951324774787e+19,-8.529546659238281e+08,9.711372982111603e+00,1.988158557239835e-06,5,1.003371775150299e-01,9.000996923947458e+02
0,7.873073610568118e+20,-8.529490580058594e+08,7.185451253775888e+00,2.079375060191432e-06,5,8.995828591287136e-02,9.001040187543707e+02
0,1.352731794515993e+20,-8.529438935742188e+08,5.933040398537161e+00,4.318876402620486e-06,6,7.983918674290180e-02,9.001076758211738e+02
0,4.163546235359591e+20,-8.529389713691406e+08,5.235107603956979e+00,4.630870341427113e-06,5,7.058253325521946e-02,9.001109365360959e+02
0,1.634686857383773e+21,-8.529342037871094e+08,4.817251136188575e+00,5.017190834480100e-06,5,6.506039109081030e-02,9.001139481644142e+02
0,1.346205808214906e+21,-8.529295414941406e+08,4.556066721996141e+00,1.047001813092216e-05,3,5.998893268406391e-02,9.001167967960381e+02
0,1.774244213886129e+21,-8.529249532773438e+08,4.388860857646902e+00,1.596190351617605e-06,6,5.825447756797075e-02,9.001195356285681e+02
0,2.916977412829255e+21,-8.529204183222656e+08,4.280831429665952e+00,6.450020762734656e-06,4,5.291256774216890e-02,9.001221988313523e+02
0,2.604332983404587e+21,-8.529159224785156e+08,4.211364807611049e+00,6.731704598845686e-06,5,5.256790015846491e-02,9.001248089568646e+02
0,3.045748639496610e+21,-8.529114559648438e+08,4.167654058818962e+00,6.308528685637595e-06,5,5.007486976683140e-02,9.001273811846858e+02
0,7.213783256094529e+22,-8.529070119472656e+08,4.141456591650329e+00,1.970440193875321e-06,6,4.461262002587318e-02,9.001299258739216e+02
0,3.015326031046584e+21,-8.529025856660156e+08,4.127327888738465e+00,2.873764054314851e-06,6,4.459605645388365e-02,9.001324501686761e+02
0,7.638502554466239e+21,-8.528981737578125e+08,4.121602506162306e+00,3.643944718767279e-06,5,4.450901225209236e-02,9.001349590351738e+02
0,2.617774935614645e+21,-8.528937738535156e+08,4.121778523533532e+00,1.365489548513038e-06,4,4.453315865248442e-02,9.001374559419697e+02
0,1.119826098567277e+21,-8.528893842539062e+08,4.126130601735379e+00,3.594437327469739e-06,4,4.448065906763077e-02,9.001399433256250e+02
0,2.035486772237584e+20,-8.528850037539062e+08,4.133459988352370e+00,1.429271760879505e-05,5,4.465277865529060e-02,9.001424229055548e+02
0,1.339259792195124e+21,-8.528806315039062e+08,4.142929400428325e+00,6.136434327135784e-06,5,4.500773735344410e-02,9.001448959008902e+02
0,1.704022455918593e+21,-8.528762668750000e+08,4.153951570682120e+00,2.879663296711387e-06,6,4.605178069323301e-02,9.001473631783426e+02
0,1.030060245647544e+22,-8.528719094199219e+08,4.166113575192577e+00,5.352317741767106e-06,4,4.798896703869104e-02,9.001498253552204e+02
0,1.487174522695114e+21,-8.528675588085938e+08,4.179124357116724e+00,1.609616923193111e-06,8,4.572201520204544e-02,9.001522828796617e+02
0,1.081354243143499e+22,-8.528632147929688e+08,4.192778547718834e+00,3.229746175110361e-06,4,4.482013173401356e-02,9.001547360748430e+02
0,2.116168317242908e+21,-8.528588771875000e+08,4.206931173584943e+00,1.397507762398276e-06,5,4.815991595387459e-02,9.001571851773292e+02
0,1.790839184529472e+21,-8.528545458437500e+08,4.221479858988886e+00,5.729767550213890e-06,5,4.521859250962734e-02,9.001596303634017e+02
0,2.251477697189409e+22,-8.528502206523438e+08,4.236352329155944e+00,5.188789335371830e-06,4,4.705011937767267e-02,9.001620717648098e+02
0,4.869223535653735e+21,-8.528459015214844e+08,4.251497729846154e+00,4.771985376372782e-06,5,4.731248505413532e-02,9.001645094836130e+02
0,1.819494826214992e+21,-8.528415883808594e+08,4.266880305439096e+00,2.479483108651406e-06,5,4.725196864455938e-02,9.001669435990128e+02
0,1.002796590013862e+22,-8.528372811582031e+08,4.282475067240222e+00,5.458671323108714e-06,6,4.311847407370806e-02,9.001693741762023e+02
0,1.256108082781666e+21,-8.528329797871094e+08,4.298264698714713e+00,1.879502513539036e-06,6,4.486545827239752e-02,9.001718012664842e+02
0,3.407277591954101e+20,-8.528286842460938e+08,4.314237300587600e+00,2.782459472831186e-06,4,4.478101711720228e-02,9.001742249171267e+02
0,4.024705778141307e+20,-8.528243944511719e+08,4.330384886313811e+00,1.631877158215675e-05,2,4.419457446783781e-02,9.001766451683677e+02
0,1.685775673799957e+22,-8.528201103828125e+08,4.346702227112305e+00,6.555342266444007e-06,4,4.708516690880060e-02,9.001790620546564e+02
0,1.046213652341725e+21,-8.528158319980469e+08,4.363186052635258e+00,2.601475523111850e-06,5,4.467980470508337e-02,9.001814756091929e+02
0,1.362411308365265e+22,-8.528115592480469e+08,4.379834549546958e+00,2.648113591748078e-06,4,4.797721747308969e-02,9.001838858650354e+02
0,1.415789689130988e+22,-8.528072920878906e+08,4.396646928801114e+00,2.551270541215742e-05,2,4.466970916837454e-02,9.001862928487880e+02
0,7.864304825861044e+21,-8.528030304882812e+08,4.413623101687314e+00,5.270317610804121e-06,6,4.446816537529230e-02,9.001886965912552e+02
0,3.902391998635758e+21,-8.527987744023438e+08,4.430763556694990e+00,2.706257267707048e-06,8,4.685177281498909e-02,9.001910971180895e+02
0,1.055971347488906e+21,-8.527945238105469e+08,4.448069137683957e+00,6.983865397985952e-06,5,4.234923887997866e-02,9.001934944569517e+02
0,2.014215735574739e+21,-8.527902786523438e+08,4.465540988388610e+00,2.008783768016073e-06,5,4.190723877400160e-02,9.001958886364556e+02
0,1.060221409246323e+21,-8.527860389082031e+08,4.483180473464239e+00,1.944760713994641e-06,5,4.240176919847727e-02,9.001982796815782e+02
0,1.194133176198789e+21,-8.527818045234375e+08,4.500989109592892e+00,8.619198231602415e-07,8,4.476446472108364e-02,9.002006676185511e+02
0,1.662674179687773e+21,-8.527775754765625e+08,4.518968521321474e+00,3.653283672661958e-06,7,4.788123816251755e-02,9.002030524737579e+02
0,3.198832123934246e+22,-8.527733517226562e+08,4.537120469739933e+00,4.732590457034981e-06,3,4.485203977674246e-02,9.002054342736270e+02
0,1.044521331830655e+22,-8.527691332304688e+08,4.555446741254137e+00,1.686448765789635e-06,4,4.476323258131742e-02,9.002078130426871e+02
0,1.095968319141298e+21,-8.527649199609375e+08,4.573949247216010e+00,2.710944792705448e-06,8,4.474679660052061e-02,9.002101888077497e+02
0,2.201748472308801e+21,-8.527607118808594e+08,4.592629890161762e+00,3.015752455511618e-06,8,4.497407004237175e-02,9.002125615938377e+02
0,2.202617889414449e+21,-8.527565089472656e+08,4.611490642007137e+00,3.654559010196672e-06,3,4.239585809409618e-02,9.002149314254301e+02
0,1.600538632593917e+21,-8.527523111250000e+08,4.630533551831086e+00,1.508692060209754e-06,8,4.482225794345140e-02,9.002172983297480e+02
0,2.243144884056252e+21,-8.527481183886719e+08,4.649760664070511e+00,2.447663970027018e-06,6,4.442014917731285e-02,9.002196623311602e+02
0,2.226487001703503e+21,-8.527439306933594e+08,4.669174091987120e+00,2.155912265843237e-05,3,4.552389681339264e-02,9.002220234565450e+02
0,5.662429594939351e+21,-8.527397480097656e+08,4.688775963330419e+00,2.923141053750717e-06,6,4.484950006008148e-02,9.002243817292118e+02
0,7.103175358457100e+20,-8.527355702968750e+08,4.708568448838832e+00,2.206347296668970e-06,5,4.702627472579479e-02,9.002267371757752e+02
0,4.864815694601960e+21,-8.527313975097656e+08,4.728553760952518e+00,1.482979376022479e-06,5,4.722024220973253e-02,9.002290898215515e+02
0,8.493140144294773e+20,-8.527272296289062e+08,4.748734138169307e+00,1.023955811991257e-05,3,4.694053623825312e-02,9.002314396922693e+02
0,8.883554784835212e+20,-8.527230666132812e+08,4.769111857465864e+00,2.732512529476800e-06,4,4.492913186550140e-02,9.002337868134085e+02
0,2.526752573849775e+21,-8.527189084199219e+08,4.789689246701810e+00,4.811457707103329e-06,5,4.498180467635393e-02,9.002361312083048e+02
0,6.782766882256149e+23,-8.527147550253906e+08,4.810468611674680e+00,2.064479400639787e-06,7,4.491430055350065e-02,9.002384729046589e+02
0,1.355817357573492e+21,-8.527106063964844e+08,4.831452367775376e+00,2.644416161889800e-06,5,4.444088507443666e-02,9.002408119258655e+02
0,1.742275188865505e+21,-8.527064624804688e+08,4.852642941996829e+00,1.340332458671228e-06,6,4.467584937810898e-02,9.002431482980355e+02
0,5.166844452832607e+21,-8.527023232578125e+08,4.874042773319990e+00,3.915976483628059e-06,4,4.504107311367989e-02,9.002454820457745e+02
0,5.767116336231459e+21,-8.526981886855469e+08,4.895654373818052e+00,2.949838743375099e-06,6,4.734268318861723e-02,9.002478131952773e+02
0,6.684058727649739e+21,-8.526940587246094e+08,4.917480252648709e+00,3.968313049759013e-06,6,4.654272273182869e-02,9.002501417722538e+02
0,1.211352549119288e+21,-8.526899333574219e+08,4.939523005140265e+00,1.543972979883867e-05,4,4.475301783531904e-02,9.002524678002828e+02
0,7.617108335965083e+21,-8.526858125273438e+08,4.961785222956166e+00,2.967291712242442e-06,5,4.430925380438566e-02,9.002547913056799e+02
0,8.708878583333602e+20,-8.526816962148438e+08,4.984269583844849e+00,5.827247402573205e-06,6,4.466480296105146e-02,9.002571123118655e+02
0,1.632257143428183e+21,-8.526775843906250e+08,5.006978764332136e+00,3.077181963762289e-06,6,4.716379009187222e-02,9.002594308453736e+02
0,1.628461012860119e+20,-8.526734769980469e+08,5.029915481461563e+00,4.992260085418255e-06,5,4.473754111677408e-02,9.002617469320110e+02
0,1.453322538186013e+21,-8.526693740195312e+08,5.053082554189769e+00,2.999662039060174e-06,6,4.689455870538950e-02,9.002640605946299e+02
0,1.476179187394424e+21,-8.526652754140625e+08,5.076482776763995e+00,9.492944553660249e-06,6,4.479087796062231e-02,9.002663718603036e+02
0,2.574531917895667e+22,-8.526611811406250e+08,5.100119000873947e+00,1.011644458555682e-06,10,4.505171813070774e-02,9.002686807529171e+02
0,1.682986886991676e+21,-8.526570911855469e+08,5.123994173272775e+00,3.483811898274675e-06,6,4.147718474268913e-02,9.002709872987522e+02
0,2.161390223615740e+21,-8.526530054960938e+08,5.148111195316043e+00,3.053397702992977e-06,8,4.415281862020493e-02,9.002732915238639e+02
0,7.269531111785282e+20,-8.526489240390625e+08,5.172473136554322e+00,7.369416234995953e-06,5,4.475108720362186e-02,9.002755934510016e+02
0,5.893373618339153e+22,-8.526448467812500e+08,5.197082983550965e+00,2.244753412816313e-06,6,4.480414185672998e-02,9.002778931064846e+02
0,1.195874692284457e+22,-8.526407736992188e+08,5.221943873174044e+00,1.700641801403908e-06,8,4.468387924134731e-02,9.002801905160001e+02
0,5.675299985414951e+21,-8.526367047441406e+08,5.247058934873528e+00,4.257999864461675e-06,3,4.458486568182707e-02,9.002824857039317e+02
0,2.553928107993495e+21,-8.526326398925781e+08,5.272431342666804e+00,2.429512080630191e-06,4,4.468973074108362e-02,9.002847786954646e+02
0,1.674080208584038e+21,-8.526285790976562e+08,5.298064382948948e+00,5.592137791702195e-06,4,4.399835597723722e-02,9.002870695175326e+02
0,3.505004161284877e+20,-8.526245223320312e+08,5.323961327840629e+00,4.469986364754847e-06,4,4.765392653644085e-02,9.002893581929685e+02
0,3.842479641058853e+20,-8.526204695625000e+08,5.350125542075226e+00,1.701980219667335e-06,7,4.483018349856138e-02,9.002916447485020e+02
0,3.277292515504026e+21,-8.526164207597656e+08,5.376560427870697e+00,3.016301543856895e-06,8,4.476262815296650e-02,9.002939292094646e+02
0,6.035356512455380e+20,-8.526123758808594e+08,5.403269421853410e+00,2.260454485761574e-06,4,4.734223708510399e-02,9.002962116001441e+02
0,4.546175264637610e+20,-8.526083348925781e+08,5.430256070863199e+00,1.140458942131113e-05,5,4.754926357418299e-02,9.002984919468333e+02
0,8.226747068332823e+20,-8.526042977675781e+08,5.457523945418624e+00,6.294048982777383e-06,5,4.672177135944366e-02,9.003007702746154e+02
0,1.103650926872437e+21,-8.526002644648438e+08,5.485076665098058e+00,1.956946725214329e-06,7,4.483367223292589e-02,9.003030466088928e+02
0,1.116259015722710e+21,-8.525962349531250e+08,5.512917907811092e+00,2.311181965606412e-06,6,4.488030821084976e-02,9.003053209738578e+02
0,7.576581236181612e+21,-8.525922091992188e+08,5.541051434378979e+00,2.611519953293442e-06,5,4.729417525231838e-02,9.003075933964074e+02
0,1.060499212402267e+21,-8.525881871738281e+08,5.569481063695788e+00,3.506652533207467e-06,4,4.735796991735697e-02,9.003098639025926e+02
0,1.266460186022127e+22,-8.525841688261719e+08,5.598210655004917e+00,4.771066113864152e-06,5,4.218454193323851e-02,9.003121325164743e+02
0,1.211524624001338e+21,-8.525801541308594e+08,5.627244142849221e+00,4.345596494034399e-06,8,4.442770872265100e-02,9.003143992631251e+02
0,1.639195432570058e+21,-8.525761430683594e+08,5.656585540850253e+00,1.321158419831039e-06,10,4.475122597068548e-02,9.003166641699662e+02
0,1.961978556670408e+21,-8.525721355878906e+08,5.686238899522278e+00,3.261084467803642e-06,5,4.493573959916830e-02,9.003189272611087e+02
0,8.736149254976440e+20,-8.525681316601562e+08,5.716208379320867e+00,1.878991350559809e-06,6,4.641889967024326e-02,9.003211885635200e+02
0,1.661413096762051e+20,-8.525641312519531e+08,5.746498140815480e+00,2.406411694108384e-06,6,4.254033323377371e-02,9.003234481022239e+02
0,7.643745566516146e+20,-8.525601343281250e+08,5.777112487508465e+00,2.589440428875280e-06,6,4.465003497898579e-02,9.003257059035996e+02
0,1.597257475275309e+21,-8.525561408554688e+08,5.808055769497882e+00,1.920236703360854e-06,8,4.465249646455050e-02,9.003279619918428e+02
0,8.695763112196242e+20,-8.525521507968750e+08,5.839332378119454e+00,3.092060967712932e-06,4,4.485802818089724e-02,9.003302163955991e+02
0,6.470174254764087e+20,-8.525481641210938e+08,5.870946816725484e+00,5.184599661438286e-06,6,4.492549877613783e-02,9.003324691371714e+02
0,4.243054128745467e+21,-8.525441807968750e+08,5.902903638951346e+00,5.374339856320093e-06,4,4.125573486089706e-02,9.003347202447490e+02
0,2.757028700123922e+21,-8.525402007871094e+08,5.935207502689025e+00,2.032453052043450e-06,4,4.478781670331955e-02,9.003369697441470e+02
0,6.054407726658156e+21,-8.525362240527344e+08,5.967863109064975e+00,1.377968860731199e-06,8,4.465635865926743e-02,9.003392176616155e+02
0,6.528592563900656e+20,-8.525322505683594e+08,6.000875269909307e+00,1.498430292984638e-06,8,4.490981716662645e-02,9.003414640231937e+02
0,2.327916445164525e+21,-8.525282802988281e+08,6.034248859851808e+00,3.719430898571986e-06,6,4.808761645108461e-02,9.003437088539530e+02
0,9.423701708244787e+20,-8.525243132070312e+08,6.067988849764671e+00,1.017886879094277e-05,3,4.476163070648909e-02,9.003459521823903e+02
0,3.806801579915705e+21,-8.525203492519531e+08,6.102100267252745e+00,3.465127213655149e-06,4,4.479489289224148e-02,9.003481940328367e+02
0,1.214888832402857e+21,-8.525163884257812e+08,6.136588272458924e+00,2.955736022721309e-06,7,4.442817438393831e-02,9.003504344337586e+02
0,1.066783017283646e+21,-8.525124306621094e+08,6.171458069609336e+00,2.234312629607448e-06,8,4.500339832156897e-02,9.003526734096541e+02
0,5.179718263184732e+20,-8.525084759316406e+08,6.206714963006910e+00,3.453823171355463e-06,6,4.727763775736094e-02,9.003549109903754e+02
0,3.401735300423868e+21,-8.525045242246094e+08,6.242364344003876e+00,9.282295212667243e-06,5,4.807041306048632e-02,9.003571471986112e+02
0,1.073184626389136e+21,-8.525005754902344e+08,6.278411750878107e+00,2.865437763831085e-06,5,4.480990767478943e-02,9.003593820641692e+02
0,1.502446600113665e+21,-8.524966296875000e+08,6.314862726068416e+00,4.123509282843596e-06,4,4.478890169411898e-02,9.003616156114340e+02
0,1.798953338401266e+20,-8.524926867968750e+08,6.351722983928776e+00,3.228339137465283e-06,6,4.466207418590784e-02,9.003638478683791e+02
0,5.626164976559333e+20,-8.524887467714844e+08,6.388998270617215e+00,5.381456721514118e-06,2,4.378197994083166e-02,9.003660788630053e+02
0,1.597854220891110e+21,-8.524848095878906e+08,6.426694500043829e+00,1.692609027923330e-06,5,4.252194147557020e-02,9.003683086211280e+02
0,1.278434773114488e+21,-8.524808752011719e+08,6.464817648841665e+00,5.296668977247445e-06,6,4.475124087184668e-02,9.003705371710479e+02
0,1.118989697743688e+21,-8.524769435917969e+08,6.503373790504403e+00,4.662403350743576e-06,3,4.222690872848034e-02,9.003727645395220e+02
0,1.141415816883590e+21,-8.524730147050781e+08,6.542369134662414e+00,5.921928456350312e-06,5,4.611579701304436e-02,9.003749907546967e+02
0,3.006812710114723e+20,-8.524690885195312e+08,6.581809982884524e+00,1.802571029692965e-06,5,4.745225794613361e-02,9.003772158424820e+02
0,2.577734660224621e+21,-8.524651650039062e+08,6.621702717038055e+00,2.760727496218722e-06,9,4.485296551138163e-02,9.003794398324172e+02
0,2.239882762670414e+21,-8.524612441113281e+08,6.662053900848041e+00,2.743910296040226e-06,5,4.475145600736141e-02,9.003816627514971e+02
0,2.472303041319412e+20,-8.524573258125000e+08,6.702870141217073e+00,2.663016588679545e-06,5,4.673968069255352e-02,9.003838846279824e+02
0,6.708323192497773e+20,-8.524534100800781e+08,6.744158211131075e+00,4.757687817119645e-06,4,4.176817834377289e-02,9.003861054893613e+02
0,4.965372159968646e+20,-8.524494968671875e+08,6.785924970237164e+00,4.463569638636464e-06,5,4.468029364943504e-02,9.003883253639782e+02
0,3.474057651899426e+21,-8.524455861406250e+08,6.828177415862966e+00,6.061130575072876e-06,7,4.467185866087675e-02,9.003905442801183e+02
0,5.126711117513215e+20,-8.524416778847656e+08,6.870922655279593e+00,4.315404048196659e-06,4,4.481504857540131e-02,9.003927622668406e+02
0,2.074861834593804e+21,-8.524377720429688e+08,6.914167945696766e+00,1.331424784603340e-06,9,4.471849929541349e-02,9.003949793531136e+02
0,8.318591109475327e+20,-8.524338685722656e+08,6.957920644706023e+00,5.726535165980840e-06,5,4.468173906207085e-02,9.003971955659185e+02
0,2.241303047116932e+21,-8.524299674667969e+08,7.002188241113760e+00,3.838018064841043e-06,3,4.472135473042727e-02,9.003994109358603e+02
0,1.570053872253602e+20,-8.524260686699219e+08,7.046978394033342e+00,2.920407834829154e-06,4,4.374906048178673e-02,9.004016254908335e+02
0,6.395305396531557e+20,-8.524221721503906e+08,7.092298847097724e+00,2.028187138052432e-06,4,4.475638829171658e-02,9.004038392609273e+02
0,1.486056601083321e+20,-8.524182778808594e+08,7.138157525353948e+00,5.064938265156985e-06,5,4.470366146415472e-02,9.004060522748083e+02
0,3.023901559451880e+20,-8.524143858125000e+08,7.184562434577305e+00,5.096527610682048e-06,7,4.726160503923893e-02,9.004082645623637e+02
0,3.194696980923079e+21,-8.524104959199219e+08,7.231521808467908e+00,6.213385672394746e-06,3,4.518957342952490e-02,9.004104761520159e+02
0,2.382508669525158e+21,-8.524066081640625e+08,7.279043958414460e+00,1.655710091133989e-06,4,4.474532883614302e-02,9.004126870745226e+02
0,7.435966841835802e+24,-8.524027225058594e+08,7.327137362750598e+00,1.675900367883959e-06,9,4.469035658985376e-02,9.004148973596942e+02
0,1.102632803269191e+21,-8.523988389199219e+08,7.375810650399488e+00,1.505107410529433e-06,6,4.463782999664545e-02,9.004171070386186e+02
0,2.059019562971712e+21,-8.523949573515625e+08,7.425072626090285e+00,2.746263203451547e-06,4,4.345364030450583e-02,9.004193161409631e+02
0,2.956389284246880e+20,-8.523910777871094e+08,7.474932225409755e+00,3.129266052059755e-06,5,4.515727236866951e-02,9.004215246969875e+02
0,4.548219427462540e+21,-8.523872001738281e+08,7.525398531112575e+00,2.296988564784545e-06,5,4.496440105140209e-02,9.004237327378249e+02
0,1.252578440376137e+21,-8.523833244707031e+08,7.576480832169998e+00,1.339827191663338e-05,4,4.234701767563820e-02,9.004259402949060e+02
0,7.505488554997433e+20,-8.523794506621094e+08,7.628188536212955e+00,5.988888280765770e-06,5,4.487848002463579e-02,9.004281473977712e+02
0,3.944244805177713e+21,-8.523755786992188e+08,7.680531238201707e+00,1.720068372469579e-05,2,4.482548683881760e-02,9.004303540806924e+02
0,6.757483259459755e+20,-8.523717085390625e+08,7.733518758949366e+00,1.354595239416097e-06,4,4.486790858209133e-02,9.004325603712909e+02
0,5.473364609581336e+20,-8.523678401601562e+08,7.787160977575525e+00,2.350098970724124e-06,7,4.461076483130455e-02,9.004347663043935e+02
0,7.656240416513124e+20,-8.523639735136719e+08,7.841468042707267e+00,4.132564297528728e-06,4,4.468504898250103e-02,9.004369719091885e+02
0,7.809173566960484e+20,-8.523601085664062e+08,7.896450239382843e+00,1.727790050671250e-06,8,4.481502529233694e-02,9.004391772214235e+02
0,5.052177758924649e+20,-8.523562452734375e+08,7.952118066519803e+00,4.230132441789185e-06,4,4.537882003933191e-02,9.004413822718550e+02
0,3.103975347035405e+19,-8.523523836093750e+08,8.008482193810432e+00,5.691127515835521e-06,4,4.482968803495169e-02,9.004435870918403e+02
0,3.666052316686537e+20,-8.523485235253906e+08,8.065553465374686e+00,2.823653370499237e-06,7,4.467335809022188e-02,9.004457917160946e+02
0,1.319021499896562e+21,-8.523446649902344e+08,8.123342951039852e+00,1.453758974047141e-06,7,4.501842241734266e-02,9.004479961775817e+02
0,5.508590463516221e+20,-8.523408079707031e+08,8.181861894725555e+00,2.730142511963745e-06,4,4.732945002615452e-02,9.004502005093134e+02
0,6.071358082533766e+19,-8.523369524140625e+08,8.241121726728533e+00,2.115983476393196e-06,8,4.807678703218699e-02,9.004524047456604e+02
0,1.710590993195190e+21,-8.523330982968750e+08,8.301134122077208e+00,2.237156094537784e-06,7,4.481463041156530e-02,9.004546089198464e+02
0,4.914895913839165e+20,-8.523292455664062e+08,8.361910920853786e+00,2.232560930529720e-06,6,4.510449711233377e-02,9.004568130663058e+02
0,4.757306589761132e+20,-8.523253942031250e+08,8.423464197784648e+00,2.035603505012766e-06,4,4.200946539640427e-02,9.004590172194920e+02
0,5.251823090394732e+20,-8.523215441523438e+08,8.485806204776518e+00,3.444553605260629e-06,5,4.262664541602135e-02,9.004612214139324e+02
0,1.656571919033078e+20,-8.523176953808594e+08,8.548949473263288e+00,2.411195115510275e-06,8,4.484944976866245e-02,9.004634256861673e+02
0,2.783638570042332e+19,-8.523138478437500e+08,8.612906692913638e+00,2.124956496342928e-06,7,4.434433858841658e-02,9.004656300706189e+02
0,3.594708874786348e+20,-8.523100015078125e+08,8.677690789105352e+00,1.691736044151548e-06,9,4.492114670574665e-02,9.004678346032490e+02
0,4.736758272365739e+20,-8.523061563242188e+08,8.743314937316677e+00,2.218296188696339e-06,7,4.712821543216705e-02,9.004700393183155e+02
0,2.398355887745110e+20,-8.523023122675781e+08,8.809792508751260e+00,1.968916487909843e-06,8,4.307115171104670e-02,9.004722442547131e+02
0,2.942413904708330e+20,-8.522984692871094e+08,8.877137134415818e+00,4.011082605914989e-06,7,4.219474084675312e-02,9.004744494492895e+02
0,2.047627573561855e+21,-8.522946273398438e+08,8.945362655922009e+00,2.691602969986724e-06,4,4.546671081334352e-02,9.004766549362026e+02
0,7.961820603992969e+20,-8.522907863945312e+08,9.014483159707648e+00,1.710364293062449e-06,5,4.466869868338108e-02,9.004788607545584e+02
0,6.230515149892446e+19,-8.522869464121094e+08,9.084512983532052e+00,1.497396049794049e-06,7,4.507641494274139e-02,9.004810669426145e+02
0,3.376891356380744e+20,-8.522831073437500e+08,9.155466684946299e+00,5.449532164255506e-06,6,4.502093698829412e-02,9.004832735363866e+02
0,1.775724232288717e+20,-8.522792691406250e+08,9.227359110962517e+00,1.856464869387919e-06,8,4.728500172495842e-02,9.004854805760301e+02
0,1.826728857480073e+20,-8.522754317773438e+08,9.300205301912319e+00,6.817157633762077e-06,5,4.233129136264324e-02,9.004876881011936e+02
0,7.245254296693528e+20,-8.522715952167969e+08,9.374020589249515e+00,2.056795128906225e-06,6,4.479245096445084e-02,9.004898961494147e+02
0,4.501886458679684e+20,-8.522677593925781e+08,9.448820530906278e+00,2.479655037373292e-06,7,4.644353408366442e-02,9.004921047597766e+02
0,5.201716520620337e+20,-8.522639242773438e+08,9.524620984109095e+00,1.901066617132963e-06,7,4.204193875193596e-02,9.004943139737811e+02
0,1.780953648141663e+20,-8.522600898320312e+08,9.601438005808546e+00,2.204501754741894e-06,7,4.482791945338249e-02,9.004965238304979e+02
0,1.039252864179588e+23,-8.522562559960938e+08,9.679287956273919e+00,1.805346326298379e-06,8,4.447409790009260e-02,9.004987343718127e+02
0,2.729768703595476e+20,-8.522524227539062e+08,9.758187448734338e+00,2.759943502202217e-06,6,4.491866286844015e-02,9.005009456390358e+02
0,1.252394073380697e+20,-8.522485900371094e+08,9.838153345323931e+00,1.022819586872050e-06,9,4.499864578247070e-02,9.005031576726431e+02
0,9.885024170520356e+20,-8.522447578085938e+08,9.919202804959266e+00,5.600102836474730e-06,5,4.241605382412672e-02,9.005053705158704e+02
0,3.627754156825496e+20,-8.522409260429688e+08,1.000135320896184e+01,2.256424954241072e-06,5,4.384978394955397e-02,9.005075842114696e+02
0,1.176087845301309e+21,-8.522370946699219e+08,1.008462225064983e+01,3.523806495037259e-06,5,4.435229487717152e-02,9.005097988014310e+02
0,4.511845972394833e+20,-8.522332636523438e+08,1.016902786525463e+01,2.938160831197541e-06,6,4.556515626609325e-02,9.005120143306622e+02
0,2.386417386669456e+20,-8.522294329550781e+08,1.025458826006720e+01,2.944558701589947e-06,6,4.462948348373175e-02,9.005142308418314e+02
0,4.572520224842356e+20,-8.522256025214844e+08,1.034132191463036e+01,1.635528545479927e-06,4,4.746847692877054e-02,9.005164483801495e+02
0,3.139466631912860e+20,-8.522217723066406e+08,1.042924756971238e+01,1.571274987618478e-06,6,4.718332365155220e-02,9.005186669901874e+02
0,2.611817835270601e+20,-8.522179422753906e+08,1.051838426603815e+01,1.416514143818119e-06,6,4.220125358551741e-02,9.005208867173662e+02
0,5.516134418728756e+20,-8.522141123789062e+08,1.060875125659942e+01,1.885318610480324e-06,8,4.179234895855188e-02,9.005231076080236e+02
0,4.047906289845158e+20,-8.522102825625000e+08,1.070036808580591e+01,2.326547547758386e-06,6,5.001289863139391e-02,9.005253297091560e+02
0,8.545299791059078e+20,-8.522064527832031e+08,1.079325459492895e+01,3.683328099224462e-06,6,4.466065298765898e-02,9.005275530693277e+02
0,1.218182461298204e+21,-8.522026229902344e+08,1.088743082023863e+01,1.088442917755274e-06,9,4.495251365005970e-02,9.005297777331211e+02
0,1.056907635854941e+20,-8.521987931464844e+08,1.098291709045163e+01,4.500792351001266e-06,2,4.488955810666084e-02,9.005320037495346e+02
0,2.618281804725457e+20,-8.521949631855469e+08,1.107973398708967e+01,2.273835554032920e-06,6,4.229332972317934e-02,9.005342311688794e+02
0,2.642974807378991e+20,-8.521911330839844e+08,1.117790233493986e+01,2.171454266654761e-06,5,4.171550646424294e-02,9.005364600393394e+02
0,5.849824353546937e+20,-8.521873027695312e+08,1.127744319241686e+01,3.688922255002472e-06,5,4.208795912563801e-02,9.005386904114335e+02
0,2.537939343666814e+21,-8.521834722128906e+08,1.137837788244615e+01,4.018024002632600e-06,3,4.741072561591864e-02,9.005409223366705e+02
0,3.381447283603581e+20,-8.521796413417969e+08,1.148072789831749e+01,3.897672714912633e-06,6,4.474658798426390e-02,9.005431558652681e+02
0,2.110982063037051e+20,-8.521758101308594e+08,1.158451501924278e+01,4.069569138214560e-06,5,4.475374985486269e-02,9.005453910501658e+02
0,1.567173889088966e+21,-8.521719785117188e+08,1.168976119345780e+01,1.810998677477210e-06,8,4.482185561209917e-02,9.005476279444348e+02
0,3.181345406384977e+20,-8.521681464433594e+08,1.179648858877399e+01,3.141069831445490e-06,5,4.745894763618708e-02,9.005498666000142e+02
0,1.052262791327172e+21,-8.521643138671875e+08,1.190471955637288e+01,3.390230618336610e-06,4,4.507932532578707e-02,9.005521070721753e+02
0,6.706525273372944e+20,-8.521604807402344e+08,1.201447663497684e+01,6.559875375190785e-06,4,4.489619098603725e-02,9.005543494152677e+02
0,4.287053869099224e+21,-8.521566470097656e+08,1.212578250847533e+01,1.316331428991499e-06,6,4.786831885576248e-02,9.005565936849343e+02
0,1.597770294617115e+21,-8.521528126074219e+08,1.223866000645321e+01,1.997250577440606e-06,7,4.463665280491114e-02,9.005588399377701e+02
0,3.653665387131757e+20,-8.521489775000000e+08,1.235313212365024e+01,1.799069912711981e-06,7,4.756092373281717e-02,9.005610882300429e+02
0,2.257652291891914e+20,-8.521451416289062e+08,1.246922194185200e+01,1.597930839207076e-06,8,4.474339168518782e-02,9.005633386207404e+02
0,4.183122772936081e+20,-8.521413049296875e+08,1.258695261904813e+01,2.630271696472848e-06,6,4.687839839607477e-02,9.005655911663987e+02
0,6.974593640179983e+20,-8.521374673613281e+08,1.270634741472698e+01,2.143797374554002e-06,10,4.450241848826408e-02,9.005678459276336e+02
0,6.050437186786734e+20,-8.521336288671875e+08,1.282742962822755e+01,4.369028826979468e-06,3,4.460032843053341e-02,9.005701029646248e+02
0,6.114600060140417e+20,-8.521297893847656e+08,1.295022256300668e+01,2.146292282551938e-06,5,4.472531843930483e-02,9.005723623375500e+02
0,4.384776014203626e+20,-8.521259488593750e+08,1.307474952502990e+01,5.424298161869113e-07,8,4.458753578364849e-02,9.005746241087821e+02
0,8.539129508303772e+20,-8.521221072480469e+08,1.320103377753433e+01,1.600136990955311e-06,6,4.485927987843752e-02,9.005768883423841e+02
0,2.935338679543921e+21,-8.521182644863281e+08,1.332909852021378e+01,4.163926381207048e-06,5,4.369100462645292e-02,9.005791551000800e+02
0,1.764079300241799e+21,-8.521144205117188e+08,1.345896681968849e+01,2.135043718164579e-06,7,4.412161093205214e-02,9.005814244475448e+02
0,3.251226103161076e+21,-8.521105752675781e+08,1.359066161374810e+01,1.537465764842448e-06,7,4.554165340960026e-02,9.005836964490740e+02
0,2.066900952482611e+21,-8.521067286972656e+08,1.372420565451018e+01,1.264739126957221e-06,4,4.211570788174868e-02,9.005859711720180e+02
0,1.262837430657376e+21,-8.521028807480469e+08,1.385962142919217e+01,1.851782365920498e-06,8,4.466529749333858e-02,9.005882486837628e+02
0,8.379182231282717e+20,-8.520990313691406e+08,1.399693117623251e+01,1.858395443915805e-06,8,4.468280635774136e-02,9.005905290525183e+02
0,2.946612322075500e+20,-8.520951804707031e+08,1.413615676587763e+01,2.139497441178931e-06,6,4.457150772213936e-02,9.005928123486166e+02
0,2.269806089410974e+20,-8.520913280136719e+08,1.427731969505939e+01,4.079068176674427e-06,5,5.468530580401421e-02,9.005950986407021e+02
0,1.378478431635669e+20,-8.520874739394531e+08,1.442044098443791e+01,2.255044619104543e-06,3,4.477552231401205e-02,9.005973880001636e+02
0,1.635674002924616e+21,-8.520836181875000e+08,1.456554115353944e+01,2.116623235770694e-06,7,4.480235278606415e-02,9.005996804998202e+02
0,3.091099484342737e+22,-8.520797606875000e+08,1.471264012334507e+01,1.424872345521936e-06,7,4.489180631935596e-02,9.006019762138841e+02
0,2.325855944406440e+21,-8.520759013750000e+08,1.486175714570593e+01,2.178625796447956e-06,5,4.452054016292095e-02,9.006042752161043e+02
0,1.456683342788661e+21,-8.520720402031250e+08,1.501291073411908e+01,3.572720273190027e-06,6,4.250327404588461e-02,9.006065775811163e+02
0,9.514960888018517e+20,-8.520681771015625e+08,1.516611856081298e+01,4.820999734290599e-06,6,4.741471260786057e-02,9.006088833864879e+02
0,5.123858187237156e+20,-8.520643119960938e+08,1.532139738507729e+01,3.441892994941859e-06,5,4.381764587014914e-02,9.006111927099364e+02
0,3.104915108257224e+20,-8.520604448359375e+08,1.547876295971622e+01,2.008579454411094e-06,6,4.414451960474253e-02,9.006135056312199e+02
0,1.098925807653350e+20,-8.520565755585938e+08,1.563822988778242e+01,4.360303647700648e-06,2,4.689191840589046e-02,9.006158222304587e+02
0,4.909343876795224e+20,-8.520527040898438e+08,1.579981155450941e+01,7.550793837666393e-07,9,4.456285107880831e-02,9.006181425862774e+02
0,4.944148039008266e+20,-8.520488303769531e+08,1.596352000333936e+01,1.970950173047533e-06,8,4.721311014145613e-02,9.006204667845130e+02
0,2.106611664874577e+21,-8.520449543359375e+08,1.612936577885841e+01,2.339553622228049e-06,6,4.455833230167627e-02,9.006227949083116e+02
0,3.351603374264641e+20,-8.520410759160156e+08,1.629735783738991e+01,3.739698060204705e-06,6,4.223562777042389e-02,9.006251270411777e+02
0,4.441526413657744e+20,-8.520371950468750e+08,1.646750338603410e+01,1.286917196712461e-06,8,4.630033485591412e-02,9.006274632701112e+02
0,4.470190896302423e+20,-8.520333116523438e+08,1.663980772812999e+01,2.471783957785776e-06,7,4.473644774407148e-02,9.006298036830345e+02
0,5.305242219394579e+20,-8.520294256777344e+08,1.681427410928163e+01,3.259900091995810e-06,4,4.542976524680853e-02,9.006321483689761e+02
0,1.753149077758826e+22,-8.520255370507812e+08,1.699090356493830e+01,7.571232381593296e-06,5,4.445500858128071e-02,9.006344974173014e+02
0,1.345178626173786e+21,-8.520216457109375e+08,1.716969473685005e+01,3.294195510940830e-06,5,4.452531691640615e-02,9.006368509198152e+02
0,2.151346845060610e+20,-8.520177515644531e+08,1.735064368126930e+01,2.122975991765148e-06,7,4.449351783841848e-02,9.006392089681601e+02
0,6.097159169027852e+20,-8.520138545820312e+08,1.753374363946086e+01,3.084019063558070e-06,6,4.474684968590736e-02,9.006415716585730e+02
0,1.706228609795037e+20,-8.520099546621094e+08,1.771898492362000e+01,2.464269914626646e-06,3,4.447632655501366e-02,9.006439390839967e+02
0,2.027365957684115e+22,-8.520060517460938e+08,1.790635462247957e+01,2.569399489225186e-06,5,4.511592909693718e-02,9.006463113421170e+02
0,3.456836475052034e+20,-8.520021457695312e+08,1.809583639411158e+01,1.623250808316301e-06,5,4.517517797648907e-02,9.006486885306473e+02
0,6.794773715264533e+19,-8.519982366542969e+08,1.828741018415348e+01,9.615888808331271e-06,6,4.214868322014809e-02,9.006510707483577e+02
0,4.528757644341521e+20,-8.519943243300781e+08,1.848105212789282e+01,5.670147959886210e-06,4,4.451240040361881e-02,9.006534580981132e+02
0,4.278376918364859e+20,-8.519904087343750e+08,1.867673406963603e+01,1.325346597416786e-06,8,4.418611619621515e-02,9.006558506807295e+02
0,3.092153697554248e+20,-8.519864897968750e+08,1.887442346789053e+01,2.263512778118234e-06,8,4.694394115358591e-02,9.006582486005044e+02
0,7.879885887471439e+20,-8.519825674531250e+08,1.907408301935575e+01,9.568998923997063e-06,4,4.505494516342878e-02,9.006606519608647e+02
0,5.648932245833608e+19,-8.519786416171875e+08,1.927567040637211e+01,1.993428452453871e-06,5,4.469110816717148e-02,9.006630608697791e+02
0,1.674293629566786e+21,-8.519747122207031e+08,1.947913798916401e+01,2.008020086340489e-06,9,4.473999701440334e-02,9.006654754329487e+02
0,1.642671616385256e+20,-8.519707792128906e+08,1.968443241339429e+01,2.294543078438644e-06,6,4.471528250724077e-02,9.006678957602343e+02
0,1.095109237224067e+20,-8.519668424921875e+08,1.989149443788530e+01,3.483528291150849e-06,6,4.495130665600300e-02,9.006703219627238e+02
0,2.248979047286333e+20,-8.519629020214844e+08,2.010025842076088e+01,1.993420016798315e-06,5,4.466615803539753e-02,9.006727541517181e+02
0,5.388135147476505e+19,-8.519589577167969e+08,2.031065213850443e+01,1.150300220304772e-06,8,4.469076450914145e-02,9.006751924396347e+02
0,1.233294920207864e+21,-8.519550095136719e+08,2.052259628186132e+01,2.087340684638481e-06,5,4.444795474410057e-02,9.006776369401357e+02
0,4.658264672734754e+20,-8.519510573320312e+08,2.073600424724532e+01,2.115838230453807e-06,10,4.445336665958166e-02,9.006800877706037e+02
0,3.387852801176199e+20,-8.519471011210938e+08,2.095078165485157e+01,2.025636995629303e-06,8,4.455651063472033e-02,9.006825450463197e+02
0,8.455110334349401e+20,-8.519431407949219e+08,2.116682604811448e+01,1.127564109235350e-05,3,4.446640424430370e-02,9.006850088865233e+02
0,1.101928113849717e+21,-8.519391763066406e+08,2.138402644450613e+01,4.266886748453574e-06,6,4.402848146855831e-02,9.006874794073374e+02
0,1.950000738403724e+20,-8.519352075820312e+08,2.160226310733114e+01,2.562418078288877e-06,8,4.457760788500309e-02,9.006899567326614e+02
0,5.762729893247580e+20,-8.519312345468750e+08,2.182140703040990e+01,1.372308505938860e-06,8,4.465624410659075e-02,9.006924409814926e+02
0,1.391424917918567e+20,-8.519272571582031e+08,2.204131969627764e+01,1.408714090826673e-06,6,4.437283053994179e-02,9.006949322756558e+02
0,1.200632525616604e+20,-8.519232753417969e+08,2.226185263305101e+01,1.908901610069124e-06,5,4.457710124552250e-02,9.006974307396125e+02
0,1.316994245018382e+20,-8.519192890351562e+08,2.248284715158626e+01,1.957447316019409e-06,6,4.515034332871437e-02,9.006999364972972e+02
0,2.068382058716393e+20,-8.519152981796875e+08,2.270413397122288e+01,3.827083401876973e-06,4,4.528082720935345e-02,9.007024496728839e+02
0,1.612933980083983e+22,-8.519113027207031e+08,2.292553295430068e+01,2.942575567856155e-06,7,4.446853604167700e-02,9.007049703926481e+02
0,8.641581356651836e+19,-8.519073025957031e+08,2.314685284627642e+01,1.243032127608386e-06,6,4.459405504167080e-02,9.007074987822092e+02
0,2.272821636607598e+20,-8.519032977558594e+08,2.336789099936174e+01,2.177846137248983e-06,7,4.456829093396664e-02,9.007100349693255e+02
0,1.607793224419981e+20,-8.518992881582031e+08,2.358843319556440e+01,2.493317399963753e-06,7,4.457759670913219e-02,9.007125790797261e+02
0,1.120082611167915e+21,-8.518952737343750e+08,2.380825348802563e+01,1.879026885558957e-06,8,4.448035173118114e-02,9.007151312410151e+02
0,1.744457668068136e+20,-8.518912544433594e+08,2.402711408544146e+01,9.812656524580917e-07,8,4.462661035358906e-02,9.007176915819869e+02
0,3.681316691111378e+20,-8.518872302500000e+08,2.424476533903368e+01,3.121409010934186e-06,7,4.409423563629389e-02,9.007202602296309e+02
0,2.104623834699633e+20,-8.518832011015625e+08,2.446094573376439e+01,1.665066818944282e-06,7,4.447849933058023e-02,9.007228373114684e+02
0,3.236800555659530e+20,-8.518791669628906e+08,2.467538202115384e+01,2.674158498183573e-06,5,4.454500600695610e-02,9.007254229547328e+02
0,1.077902102711755e+21,-8.518751277988281e+08,2.488778936345014e+01,1.083579489881845e-06,7,4.454205464571714e-02,9.007280172844332e+02
0,4.782499740326327e+20,-8.518710835820312e+08,2.509787165397710e+01,1.711409758928304e-06,9,4.472670610994101e-02,9.007306204310599e+02
0,5.673188269094243e+20,-8.518670342792969e+08,2.530532185506517e+01,1.440584968278365e-06,6,4.472952522337437e-02,9.007332325147091e+02
0,7.126072782853748e+20,-8.518629798632812e+08,2.550982254549537e+01,1.722915400290146e-06,6,4.433436784893274e-02,9.007358536630665e+02
0,9.592780453555982e+20,-8.518589203222656e+08,2.571104648298025e+01,1.325732055961210e-06,8,4.419803339987993e-02,9.007384839988242e+02
0,7.463290652801483e+19,-8.518548556328125e+08,2.590865738447893e+01,1.549763353423318e-06,5,4.463239200413227e-02,9.007411236416464e+02
0,4.255084328099898e+20,-8.518507857968750e+08,2.610231081356358e+01,3.650004305134137e-06,8,4.460126906633377e-02,9.007437727111147e+02
0,6.044344769213341e+21,-8.518467107968750e+08,2.629165519346855e+01,2.877354121740164e-06,7,4.484799131751060e-02,9.007464313256784e+02
0,1.749047822373755e+21,-8.518426306445312e+08,2.647633300899276e+01,4.313832748664229e-07,11,4.744772333651781e-02,9.007490996005207e+02
0,2.538729680438972e+20,-8.518385453437500e+08,2.665598215346999e+01,4.151196597535545e-06,6,4.424463678151369e-02,9.007517776488374e+02
0,4.853356788175676e+20,-8.518344549023438e+08,2.683023746510424e+01,1.640742301970958e-06,6,4.468894377350807e-02,9.007544655810792e+02
0,1.641132510222228e+21,-8.518303593398438e+08,2.699873238059018e+01,1.488056650283051e-05,5,4.446017835289240e-02,9.007571635010385e+02
0,3.764319212572660e+20,-8.518262586875000e+08,2.716110080721981e+01,2.362755764057214e-06,8,4.462083801627159e-02,9.007598715143644e+02
0,1.479644534687465e+20,-8.518221529765625e+08,2.731697913486335e+01,2.047382721580153e-06,5,4.707760736346245e-02,9.007625897177724e+02
0,3.753089113034313e+20,-8.518180422480469e+08,2.746600846446300e+01,1.555875701889502e-06,5,4.475065041333437e-02,9.007653182067754e+02
0,1.633868605074647e+21,-8.518139265488281e+08,2.760783687823763e+01,3.480569560954140e-06,6,4.723509214818478e-02,9.007680570712790e+02
0,2.241076511897625e+20,-8.518098059355469e+08,2.774212197444842e+01,3.233268393979006e-06,6,4.697549622505903e-02,9.007708063965471e+02
0,1.868878228493809e+20,-8.518056804726562e+08,2.786853348900433e+01,2.263800029969653e-06,7,4.724755976349115e-02,9.007735662618168e+02
0,9.106625161660828e+20,-8.518015502402344e+08,2.798675600479005e+01,2.647724986150799e-06,3,4.185131937265396e-02,9.007763367399341e+02
0,1.668531128195124e+21,-8.517974153046875e+08,2.809649176837220e+01,4.635172927955883e-06,4,4.468798264861107e-02,9.007791178978014e+02
0,2.052372651359916e+20,-8.517932757812500e+08,2.819746358725777e+01,3.262721202441490e-06,5,4.486074019223452e-02,9.007819097979710e+02
0,3.420523290239736e+21,-8.517891317558594e+08,2.828941771952899e+01,1.307439013559010e-06,6,4.458544403314590e-02,9.007847124934860e+02
0,8.684472700127251e+20,-8.517849833378906e+08,2.837212680096508e+01,2.006001783644937e-06,8,4.458751529455185e-02,9.007875260303744e+02
0,8.751593172680948e+20,-8.517808306582031e+08,2.844539269455306e+01,4.611919468953185e-06,5,4.490266367793083e-02,9.007903504471132e+02
0,2.740976925724144e+21,-8.517766738457031e+08,2.850904925187082e+01,2.774197565832866e-06,6,4.705375432968140e-02,9.007931857724665e+02
0,2.208508581013163e+20,-8.517725130449219e+08,2.856296498602670e+01,2.787131255457201e-06,5,4.444379545748234e-02,9.007960320280648e+02
0,2.130348299825661e+20,-8.517683483945312e+08,2.860704552541549e+01,2.008337546678611e-06,7,4.757754690945148e-02,9.007988892256898e+02
0,3.679652320485118e+20,-8.517641800820312e+08,2.864123585663570e+01,2.292740451292946e-06,9,4.453586600720882e-02,9.008017573678943e+02
0,2.890454063830011e+21,-8.517600082636719e+08,2.866552228499789e+01,2.393260029559983e-06,7,4.474733211100101e-02,9.008046364506662e+02
0,2.087600974613383e+20,-8.517558331230469e+08,2.867993407639993e+01,2.504676051292466e-06,6,4.466028697788715e-02,9.008075264548107e+02
0,3.070873644759548e+21,-8.517516548652344e+08,2.868454476707249e+01,2.343705432864411e-06,5,4.454984422773123e-02,9.008104273549246e+02
0,2.944365296901308e+22,-8.517474736875000e+08,2.867947296874710e+01,2.634067376033827e-06,5,4.465115349739790e-02,9.008133391113421e+02
0,1.055086436907739e+21,-8.517432898085938e+08,2.866488286849003e+01,2.965686285584848e-06,7,4.447133280336857e-02,9.008162616767552e+02
0,2.861708142611223e+20,-8.517391034628906e+08,2.864098413876801e+01,5.346720785068210e-06,6,4.480396863073111e-02,9.008191949944676e+02
0,8.327122252723555e+20,-8.517349148554688e+08,2.860803139666287e+01,1.434164636993012e-06,6,4.437343962490559e-02,9.008221389915825e+02
0,5.125605912830216e+21,-8.517307242597656e+08,2.856632316582031e+01,1.016481042678297e-05,5,4.451531171798706e-02,9.008250935917157e+02
0,4.442446085592876e+20,-8.517265319101562e+08,2.851620029292160e+01,2.897578134012492e-06,9,4.469855222851038e-02,9.008280587035334e+02
0,3.339363473327210e+21,-8.517223380800781e+08,2.845804387209380e+01,4.777429437992472e-06,4,4.434143286198378e-02,9.008310342271313e+02
0,9.021266852762090e+20,-8.517181430117188e+08,2.839227265780199e+01,4.185618850019662e-06,4,4.444346018135548e-02,9.008340200495115e+02
0,1.532127112636857e+21,-8.517139469980469e+08,2.831934002883332e+01,1.298035964138703e-05,6,4.714720882475376e-02,9.008370160525361e+02
0,1.101130032714473e+21,-8.517097503066406e+08,2.823973050125277e+01,2.411206822810288e-06,5,4.264345951378345e-02,9.008400221051363e+02
0,7.708359009591086e+21,-8.517055532226562e+08,2.815395584859900e+01,2.077351762781381e-06,8,4.699128866195679e-02,9.008430380691868e+02
0,1.105539252589979e+21,-8.517013560117188e+08,2.806255086842317e+01,5.368669154953766e-06,4,4.365029651671648e-02,9.008460638009086e+02
0,1.587855324651437e+21,-8.516971589765625e+08,2.796606893093967e+01,3.916782264979053e-06,7,4.429003130644560e-02,9.008490991469895e+02
0,4.891396850262874e+21,-8.516929623828125e+08,2.786507722474714e+01,6.227422490142947e-06,6,4.471246059983969e-02,9.008521439486585e+02
0,9.685356886377304e+20,-8.516887665136719e+08,2.776015192702399e+01,8.882468584100077e-06,4,4.467311594635248e-02,9.008551980422151e+02
0,3.286382237826735e+20,-8.516845716542969e+08,2.765187325840830e+01,3.531190978093289e-06,5,4.511186573654413e-02,9.008582612597188e+02
0,1.143189596610893e+21,-8.516803780644531e+08,2.754082056059680e+01,5.744984960552047e-06,3,4.702694062143564e-02,9.008613334312556e+02
0,1.892911057374717e+21,-8.516761860078125e+08,2.742756744040735e+01,3.210356355689337e-06,6,4.468399658799171e-02,9.008644143867328e+02
0,3.224864803313382e+20,-8.516719957421875e+08,2.731267704312322e+01,1.607003460693656e-06,6,4.447926953434944e-02,9.008675039546248e+02
0,3.929218986792259e+20,-8.516678075039062e+08,2.719669754722180e+01,7.792542374587902e-06,5,4.461784567683935e-02,9.008706019676050e+02
0,6.950571104715546e+20,-8.516636215156250e+08,2.708015792134308e+01,2.075653189959955e-06,6,4.508890304714441e-02,9.008737082596944e+02
0,4.446286245099165e+20,-8.516594379941406e+08,2.696356398034415e+01,4.052696950033943e-06,4,4.704625811427832e-02,9.008768226715011e+02
0,7.251447089073524e+21,-8.516552571289062e+08,2.684739484840888e+01,2.276482560734701e-06,4,4.694819450378418e-02,9.008799450529002e+02
0,6.999380659183575e+20,-8.516510790898438e+08,2.673209976563698e+01,2.715907475231559e-06,4,4.457005206495523e-02,9.008830752609023e+02
0,3.874934816527315e+20,-8.516469040332031e+08,2.661809540776890e+01,1.530273400780188e-05,4,4.497595410794020e-02,9.008862131623631e+02
0,3.427770741147493e+20,-8.516427320683594e+08,2.650576362061604e+01,2.913638720995718e-06,4,4.763552173972130e-02,9.008893586412820e+02
0,3.462763661179192e+20,-8.516385633085938e+08,2.639544958445979e+01,1.417942879800856e-05,5,4.211731627583504e-02,9.008925115912995e+02
0,9.778238615753497e+20,-8.516343978027344e+08,2.628746056605437e+01,6.241348724872074e-06,5,4.452561307698488e-02,9.008956719282025e+02
0,1.398142844850417e+21,-8.516302356015625e+08,2.618206506869521e+01,5.608045101849236e-06,5,4.455694928765297e-02,9.008988395830089e+02
0,1.181665540061737e+21,-8.516260767207031e+08,2.607949243674229e+01,2.669327947632176e-06,3,4.478656128048897e-02,9.009020145085016e+02
0,1.499817826938845e+21,-8.516219210996094e+08,2.597993299153938e+01,7.678513351528961e-06,6,4.462381359189749e-02,9.009051966820609e+02
0,1.397947554056115e+20,-8.516177686972656e+08,2.588353855107251e+01,3.137676531910749e-06,6,4.452085960656404e-02,9.009083861010874e+02
0,8.484735689753330e+20,-8.516136193964844e+08,2.579042333159168e+01,3.341035767304649e-06,7,4.425282217562199e-02,9.009115827912509e+02
0,2.607844027814882e+21,-8.516094730585938e+08,2.570066528276426e+01,4.386702859340672e-06,6,4.710514750331640e-02,9.009147868047214e+02
0,4.228640698823243e+20,-8.516053295019531e+08,2.561430772452864e+01,4.642456371694341e-06,4,4.797290451824665e-02,9.009179982190956e+02
0,1.245297811651537e+21,-8.516011885097656e+08,2.553136129002042e+01,2.997463279757525e-06,7,4.492423217743635e-02,9.009212171440840e+02
0,3.347049337288969e+21,-8.515970498085938e+08,2.545180615971478e+01,4.916392873396060e-06,4,4.687552805989981e-02,9.009244437176836e+02
0,9.929011380509896e+22,-8.515929131093750e+08,2.537559444524570e+01,4.700219370604535e-06,5,4.450266808271408e-02,9.009276781077921e+02
0,1.364992258322499e+21,-8.515887780742188e+08,2.530265282102341e+01,3.590354745698425e-06,6,4.425561986863613e-02,9.009309205161081e+02
0,1.009886005427131e+21,-8.515846442988281e+08,2.523288521729148e+01,2.662982214843777e-06,5,4.412151873111725e-02,9.009341711703161e+02
0,4.861206568098993e+20,-8.515805113750000e+08,2.516617569107880e+01,5.114454928753581e-06,2,4.693338088691235e-02,9.009374303323699e+02
0,7.784318652199761e+20,-8.515763788437500e+08,2.510239124446790e+01,4.109458666439133e-06,5,4.498025961220264e-02,9.009406982944025e+02
0,2.917477102543916e+21,-8.515722462207031e+08,2.504138465938815e+01,3.571579860372924e-06,4,4.710393026471138e-02,9.009439753784947e+02
0,6.383570046142522e+20,-8.515681129414062e+08,2.498299739093169e+01,2.651393285791101e-05,2,4.444507975131273e-02,9.009472619358421e+02
0,1.797404242132546e+21,-8.515639784511719e+08,2.492706224878957e+01,2.842990624939592e-06,8,4.444581642746925e-02,9.009505583451127e+02
0,8.518556785773322e+20,-8.515598421621094e+08,2.487340609700851e+01,3.409742190176797e-06,5,4.430016968399286e-02,9.009538650119511e+02
0,2.651715890889972e+21,-8.515557034179688e+08,2.482185231027342e+01,1.066750440781996e-05,4,4.474437795579433e-02,9.009571823730032e+02
0,5.171583359750183e+20,-8.515515615742188e+08,2.477222317910763e+01,2.375311254835519e-06,5,4.491652548313141e-02,9.009605108838077e+02
0,6.938393231022867e+20,-8.515474159492188e+08,2.472434201703189e+01,4.194473362397649e-06,4,4.205879662185907e-02,9.009638510234161e+02
0,2.837448009068425e+21,-8.515432658164062e+08,2.467803520180877e+01,2.466813202035132e-06,6,4.466426279395819e-02,9.009672032952820e+02
0,5.651584317945384e+20,-8.515391104531250e+08,2.463313388751947e+01,8.922218510654898e-06,6,4.463713895529509e-02,9.009705682200347e+02
0,2.830065381270730e+20,-8.515349491132812e+08,2.458947556378415e+01,5.483689759793467e-06,4,4.470962844789028e-02,9.009739463374628e+02
0,2.942597566003362e+21,-8.515307810078125e+08,2.454690537528217e+01,1.247107420541842e-05,5,4.466168396174908e-02,9.009773382021172e+02
0,5.308212627647417e+21,-8.515266053730469e+08,2.450527723024585e+01,2.561532945427541e-06,8,4.449018184095621e-02,9.009807443812900e+02
0,1.009302877031505e+21,-8.515224214082031e+08,2.446445466626219e+01,3.200670651271457e-06,4,4.447558615356684e-02,9.009841654525180e+02
0,4.633034846050797e+21,-8.515182283183594e+08,2.442431156008033e+01,3.144892701930835e-06,5,4.239194560796022e-02,9.009876020054744e+02
0,1.703402070153545e+21,-8.515140252890625e+08,2.438473254982265e+01,4.264351395369446e-06,5,4.463882744312286e-02,9.009910546352052e+02
0,3.111746733149671e+21,-8.515098115117188e+08,2.434561335738504e+01,3.360927543010580e-06,5,4.456840362399817e-02,9.009945239426116e+02
0,1.860890974557981e+20,-8.515055861699219e+08,2.430686088568840e+01,2.443092459274429e-06,5,4.645254649221897e-02,9.009980105318904e+02
0,2.571682200111762e+20,-8.515013484667969e+08,2.426839317804404e+01,2.249237071771203e-06,5,4.570951964706182e-02,9.010015150075860e+02
0,2.465891687035888e+20,-8.514970975781250e+08,2.423013921197036e+01,4.617904651306062e-06,5,4.994661081582308e-02,9.010050379748776e+02
0,2.030730368123628e+20,-8.514928327128906e+08,2.419203862916765e+01,2.800954567613993e-06,4,4.529432673007250e-02,9.010085800359489e+02
0,2.944412672060873e+20,-8.514885530625000e+08,2.415404127826049e+01,5.748708463735064e-06,4,4.224753379821777e-02,9.010121417879164e+02
0,1.949070099930918e+20,-8.514842578593750e+08,2.411610675101421e+01,1.174710988141232e-05,4,4.487212002277374e-02,9.010157238246841e+02
0,9.522606422302027e+20,-8.514799463242188e+08,2.407820376890389e+01,4.581613300715119e-06,3,4.449945129454136e-02,9.010193267313379e+02
0,1.430790405471492e+21,-8.514756176875000e+08,2.404030961230718e+01,4.531655311742817e-06,2,4.208374116569757e-02,9.010229510850345e+02
0,9.030435034472394e+19,-8.514712712187500e+08,2.400240940589296e+01,3.094479269209707e-06,6,4.206014983355999e-02,9.010265974524946e+02
0,4.007432913236316e+21,-8.514669061640625e+08,2.396449547884610e+01,2.681715119614102e-06,5,4.481633752584457e-02,9.010302663898483e+02
0,5.407457675477425e+20,-8.514625218320312e+08,2.392656661026135e+01,4.910019253651259e-06,6,4.452817980200052e-02,9.010339584394682e+02
0,2.856513527940872e+21,-8.514581175058594e+08,2.388862740780132e+01,4.015660062100517e-06,4,4.456195235252380e-02,9.010376741351729e+02
0,2.101686608081501e+20,-8.514536925214844e+08,2.385068753440436e+01,3.901016919432730e-06,5,4.448825120925903e-02,9.010414139946980e+02
0,3.182300267203653e+20,-8.514492462050781e+08,2.381276111006717e+01,5.382706926198035e-06,5,4.451605118811131e-02,9.010451785207049e+02
0,2.503151404900607e+20,-8.514447779277344e+08,2.377486601633620e+01,1.472719442168227e-05,2,4.459419380873442e-02,9.010489682038930e+02
0,3.463318205977457e+20,-8.514402870625000e+08,2.373702333486306e+01,2.649309117471747e-06,5,4.464868828654289e-02,9.010527835177784e+02
0,2.272172253458010e+20,-8.514357730058594e+08,2.369925671234656e+01,3.623508224247301e-06,5,4.654961638152599e-02,9.010566249211756e+02
0,1.623896434431696e+21,-8.514312351894531e+08,2.366159187145356e+01,5.960217626657394e-06,4,4.468371625989676e-02,9.010604928578973e+02
0,2.038096728449855e+21,-8.514266730371094e+08,2.362405607934724e+01,1.200425321913106e-05,4,4.505516123026609e-02,9.010643877537731e+02
0,7.582395165597056e+20,-8.514220860195312e+08,2.358667773237733e+01,7.078991740810442e-06,4,4.459703154861927e-02,9.010683100183866e+02
0,4.523872245328043e+20,-8.514174736308594e+08,2.354948587850709e+01,3.219030371085551e-06,4,4.405211191624403e-02,9.010722600475863e+02
0,3.303264908923130e+20,-8.514128353574219e+08,2.351250991977477e+01,2.089146559571652e-05,2,4.228391218930483e-02,9.010762382178000e+02
0,4.724075213693116e+20,-8.514081707324219e+08,2.347577924066689e+01,4.614428802326860e-06,4,4.564820416271687e-02,9.010802448949203e+02
0,3.934505152126875e+21,-8.514034793046875e+08,2.343932292783004e+01,6.639476370746356e-06,3,4.479307122528553e-02,9.010842804243232e+02
0,1.834888706042962e+21,-8.513987606269531e+08,2.340316951923277e+01,3.806072927087886e-06,5,4.504883848130703e-02,9.010883451363309e+02
0,5.167362542087524e+20,-8.513940142792969e+08,2.336734679462853e+01,1.151269717298359e-05,4,4.948110319674015e-02,9.010924393468882e+02
0,1.193420859639864e+21,-8.513892398808594e+08,2.333188159857215e+01,2.534649657068642e-06,5,4.242272395640612e-02,9.010965633595345e+02
0,6.080482936436995e+20,-8.513844370468750e+08,2.329679964456455e+01,4.499020818937045e-06,6,4.447035584598780e-02,9.011007174600171e+02
0,1.951140234927501e+21,-8.513796054062500e+08,2.326212549528388e+01,1.102089398900694e-05,4,4.457903280854225e-02,9.011049019191425e+02
0,2.588750114465458e+20,-8.513747446230469e+08,2.322788234667218e+01,4.902027795676008e-06,5,4.474397841840982e-02,9.011091169968192e+02
0,1.900748607168308e+20,-8.513698543828125e+08,2.319409204219681e+01,2.561995717908696e-06,6,4.478756431490183e-02,9.011133629376454e+02
0,3.835666971855995e+20,-8.513649343593750e+08,2.316077501315149e+01,3.441806574639164e-06,5,4.436356481164694e-02,9.011176399751308e+02
0,1.396645730228694e+20,-8.513599842636719e+08,2.312795020227051e+01,3.257364061432791e-06,4,4.457226768136024e-02,9.011219483276072e+02
0,5.212669687873584e+20,-8.513550038125000e+08,2.309563506026811e+01,2.677955110967017e-06,6,4.482043907046318e-02,9.011262882011558e+02
0,1.351452265660773e+20,-8.513499927695312e+08,2.306384562304729e+01,1.710957285266221e-06,8,4.270460363477468e-02,9.011306597938507e+02
0,3.731929044790748e+20,-8.513449508535156e+08,2.303259642329505e+01,2.517256753804724e-06,6,4.167725704610348e-02,9.011350632878492e+02
0,1.184681288242624e+21,-8.513398778515625e+08,2.300190056440109e+01,7.272814843000420e-06,4,4.220691602677107e-02,9.011394988578966e+02
0,1.940644474898511e+21,-8.513347735234375e+08,2.297176974788627e+01,2.559494221433255e-06,6,4.447872005403042e-02,9.011439666685758e+02
0,3.226292082208397e+20,-8.513296376816406e+08,2.294221431759823e+01,2.637800941650497e-06,3,4.475940112024546e-02,9.011484668733029e+02
0,5.585793165827009e+20,-8.513244701113281e+08,2.291324326547199e+01,4.901351036516702e-06,3,4.409388918429613e-02,9.011529996128386e+02
0,1.130593475757611e+20,-8.513192706250000e+08,2.288486435041437e+01,6.697739554585714e-06,4,4.338800441473722e-02,9.011575650254533e+02
0,3.602536071632051e+20,-8.513140390761719e+08,2.285708411737873e+01,5.257410416442611e-06,5,4.463179223239422e-02,9.011621632370228e+02
0,2.455956135236891e+20,-8.513087752695312e+08,2.282990792329578e+01,2.106202249543189e-06,6,4.475337360054255e-02,9.011667943670781e+02
0,1.220518377173634e+20,-8.513034790585938e+08,2.280334007131622e+01,2.497916317046717e-06,6,4.395173769444227e-02,9.011714585238229e+02
0,1.805712295812747e+21,-8.512981503125000e+08,2.277738377465665e+01,3.726757539434102e-06,6,4.178764298558235e-02,9.011761558121125e+02
0,5.221950134263260e+21,-8.512927888789062e+08,2.275204130590126e+01,5.115070507133837e-06,2,4.203303158283234e-02,9.011808863285964e+02
0,3.665432546925880e+20,-8.512873946308594e+08,2.272731400506710e+01,4.086053445969511e-06,4,4.211073927581310e-02,9.011856501629328e+02
0,5.041022556159432e+20,-8.512819674609375e+08,2.270320237769532e+01,5.704149639958550e-06,5,4.280252195894718e-02,9.011904473982663e+02
0,1.614880917318428e+20,-8.512765072558594e+08,2.267970611048893e+01,3.606934995095717e-06,5,4.471244383603334e-02,9.011952781122258e+02
0,1.379454812381164e+21,-8.512710138945312e+08,2.265682411094549e+01,8.137848217437062e-06,4,4.443245287984610e-02,9.012001423780665e+02
0,4.060295619548158e+21,-8.512654873066406e+08,2.263455467417061e+01,6.131379976941974e-06,4,4.478004574775696e-02,9.012050402618073e+02
0,3.065827152011301e+20,-8.512599273750000e+08,2.261289538965908e+01,7.798382516706726e-06,5,4.420288838446140e-02,9.012099718261600e+02
0,2.062437086507862e+20,-8.512543340253906e+08,2.259184334127699e+01,5.713761180954707e-06,3,4.454819858074188e-02,9.012149371288754e+02
0,2.672436611808669e+20,-8.512487071816406e+08,2.257139499855215e+01,4.110167979486305e-06,5,4.482693504542112e-02,9.012199362222212e+02
0,3.223642459210389e+20,-8.512430467675781e+08,2.255154640155971e+01,5.379908242090063e-06,4,4.465169180184603e-02,9.012249691552054e+02
0,3.393527914533573e+21,-8.512373527128906e+08,2.253229310921564e+01,4.061888524928788e-05,2,4.425554815679789e-02,9.012300359733670e+02
0,1.436576352989423e+21,-8.512316249453125e+08,2.251363030643016e+01,9.900130364598414e-06,4,4.486704431474209e-02,9.012351367196327e+02
0,4.307797262802239e+21,-8.512258634160156e+08,2.249555283793323e+01,5.336489659204157e-06,3,4.490238055586815e-02,9.012402714303223e+02
0,5.678827805234785e+20,-8.512200680683594e+08,2.247805517156980e+01,3.906308957100298e-06,4,4.448964074254036e-02,9.012454401419863e+02
0,2.832399182611942e+20,-8.512142388457031e+08,2.246113154765123e+01,5.093435204455356e-06,5,4.116935376077890e-02,9.012506428859164e+02
0,2.606865554033305e+20,-8.512083757050781e+08,2.244477590647159e+01,4.200911908275149e-06,3,4.132282547652721e-02,9.012558796918314e+02
0,9.643631124526495e+20,-8.512024785898438e+08,2.242898197886201e+01,6.479493581046831e-06,3,4.616155195981264e-02,9.012611505870469e+02
0,3.740617756327901e+20,-8.511965474726562e+08,2.241374334420934e+01,3.290893816453771e-06,7,4.657859727740288e-02,9.012664555956616e+02
0,6.783997540901932e+20,-8.511905823085938e+08,2.239905336517915e+01,3.462816007931925e-06,5,3.859770298004150e-02,9.012717947392052e+02
0,2.452384215811539e+21,-8.511845830585938e+08,2.238490528924801e+01,1.556430120994441e-05,2,3.961952496320009e-02,9.012771680400655e+02
0,4.407672132951027e+20,-8.511785496953125e+08,2.237129227495744e+01,2.772115332854750e-06,4,4.551740083843470e-02,9.012825755162132e+02
0,5.613399614300086e+20,-8.511724821796875e+08,2.235820728290648e+01,4.897978888374162e-06,4,3.820940665900707e-02,9.012880171852936e+02
0,2.202654363222535e+22,-8.511663804941406e+08,2.234564334943417e+01,6.480481324790081e-06,4,4.474785178899765e-02,9.012934930610215e+02
0,2.319458983056351e+20,-8.511602445957031e+08,2.233359333029616e+01,4.141519832709309e-06,2,3.905245196074247e-02,9.012990031588167e+02
0,3.519008204442236e+20,-8.511540744765625e+08,2.232205009448477e+01,3.167425560700914e-06,5,4.597641620784998e-02,9.013045474904228e+02
0,1.796637949272426e+21,-8.511478701113281e+08,2.231100649669901e+01,3.132878960337630e-06,3,3.785530105233192e-02,9.013101260670112e+02
0,6.642965310109815e+20,-8.511416314550781e+08,2.230045536963363e+01,4.522889743995834e-06,4,4.427118878811598e-02,9.013157388972757e+02
0,2.230441609202487e+20,-8.511353585195312e+08,2.229038950957870e+01,2.354245273210191e-06,6,4.470343515276909e-02,9.013213859921583e+02
0,2.286694034492979e+20,-8.511290512675781e+08,2.228080179155459e+01,3.217647896070006e-06,5,4.349114187061787e-02,9.013270673588090e+02
0,9.885029584192796e+20,-8.511227096777344e+08,2.227168509967198e+01,4.250082600209192e-06,7,4.462451208382845e-02,9.013327830041359e+02
0,2.330263454009051e+20,-8.511163337519531e+08,2.226303231180540e+01,4.050650141221217e-06,5,4.382519237697124e-02,9.013385329356244e+02
0,6.970758145881890e+21,-8.511099234628906e+08,2.225483640798576e+01,5.141498832097100e-06,5,4.463235847651958e-02,9.013443171594593e+02
0,2.924073499687787e+21,-8.511034787929688e+08,2.224709037288590e+01,1.116973896878594e-05,5,4.452957119792700e-02,9.013501356796119e+02
0,1.896017823494256e+20,-8.510969997343750e+08,2.223978725928364e+01,4.410868368835345e-06,7,4.472574312239885e-02,9.013559885006813e+02
0,3.545300135662541e+20,-8.510904862714844e+08,2.223292022821995e+01,2.674953386109274e-06,5,4.408390540629625e-02,9.013618756277212e+02
0,1.815628015053250e+21,-8.510839383984375e+08,2.222648245610027e+01,3.429298125208711e-06,7,4.475664347410202e-02,9.013677970636254e+02
0,2.075826387281943e+20,-8.510773560937500e+08,2.222046720887356e+01,3.380351694712742e-06,4,4.471443314105272e-02,9.013737528124278e+02
0,9.524165159352926e+19,-8.510707393437500e+08,2.221486783944906e+01,6.265859480999872e-06,5,4.466324020177126e-02,9.013797428763256e+02
0,1.629905394182545e+20,-8.510640881484375e+08,2.220967778120441e+01,2.872314015140668e-06,6,4.413529671728611e-02,9.013857672593792e+02
0,2.284889491944425e+20,-8.510574024960938e+08,2.220489056357455e+01,5.591345819025197e-06,5,4.492649994790554e-02,9.013918259627833e+02
0,1.897971258578715e+21,-8.510506823691406e+08,2.220049980079645e+01,9.508252171440065e-06,3,4.463518038392067e-02,9.013979189900623e+02
0,5.229798894856073e+20,-8.510439277695312e+08,2.219649917254607e+01,3.259178226817134e-06,5,4.503882676362991e-02,9.014040463424934e+02
0,2.585204421158123e+20,-8.510371386816406e+08,2.219288248346822e+01,6.188805918043078e-06,5,4.406264703720808e-02,9.014102080221797e+02
0,2.938581167942010e+20,-8.510303150917969e+08,2.218964361618717e+01,4.032598303738046e-06,5,4.473803844302893e-02,9.014164040304992e+02
0,4.674265304437068e+20,-8.510234570000000e+08,2.218677655621249e+01,7.215310046647632e-06,4,4.482017457485199e-02,9.014226343718548e+02
0,3.127062125445938e+20,-8.510165643886719e+08,2.218427539170388e+01,1.190183075424567e-05,2,4.464014060795307e-02,9.014288990468759e+02
0,1.170938239754195e+20,-8.510096372539062e+08,2.218213426433014e+01,2.094812455785662e-05,2,4.446278046816587e-02,9.014351980582529e+02
0,8.995092116264160e+19,-8.510026755800781e+08,2.218034748587744e+01,1.234041975635828e-05,3,4.479226097464561e-02,9.014415314068100e+02
0,6.567100132686610e+20,-8.509956793652344e+08,2.217890942100992e+01,6.188655051080529e-06,2,4.499442689120770e-02,9.014478990959575e+02
0,1.851227301727492e+20,-8.509886486015625e+08,2.217781451628978e+01,1.609108610271032e-05,2,4.472143575549126e-02,9.014543011279259e+02
0,4.226061862631959e+20,-8.509815832734375e+08,2.217705735248278e+01,3.690126636733629e-06,6,4.431773349642754e-02,9.014607375055933e+02
0,3.350500324087264e+20,-8.509744833808594e+08,2.217663259380527e+01,3.583574291526525e-06,5,4.550200607627630e-02,9.014672082306223e+02
0,2.869976065230217e+20,-8.509673489003906e+08,2.217653499339166e+01,2.124691943746490e-05,3,4.544651042670012e-02,9.014737133054417e+02
0,1.823726334621255e+21,-8.509601798417969e+08,2.217675942059108e+01,4.256551881565254e-06,4,4.426764789968729e-02,9.014802527354032e+02
0,1.056737420138835e+21,-8.509529761738281e+08,2.217730079115977e+01,2.818118207035767e-06,6,4.449764452874660e-02,9.014868265213053e+02
0,1.522211799010698e+22,-8.509457379062500e+08,2.217815418156767e+01,6.369004627614330e-06,4,4.477856401354074e-02,9.014934346689653e+02
0,9.511647860964857e+19,-8.509384650136719e+08,2.217931469630678e+01,4.899961566989473e-06,4,4.443072620779276e-02,9.015000771793991e+02
0,6.065780376710616e+20,-8.509311574941406e+08,2.218077759231818e+01,3.564730331554388e-06,5,4.449983406811953e-02,9.015067540574662e+02
0,1.527173587011456e+20,-8.509238153417969e+08,2.218253817197821e+01,4.917835252579253e-06,5,4.458798840641975e-02,9.015134653080867e+02
0,9.640893386133938e+20,-8.509164385292969e+08,2.218459183483708e+01,3.579223864767806e-06,4,4.504376742988825e-02,9.015202109352663e+02
0,1.971088305784617e+20,-8.509090270625000e+08,2.218693410318646e+01,4.735362083337585e-06,4,4.489093367010355e-02,9.015269909452383e+02
0,1.069063553300072e+20,-8.509015809238281e+08,2.218956052613176e+01,4.143580631364132e-06,6,4.426127951592207e-02,9.015338053403796e+02
0,1.929505288872487e+21,-8.508941000996094e+08,2.219246679910303e+01,3.917213357327740e-06,4,4.475044552236795e-02,9.015406541276579e+02
0,2.236087352033193e+20,-8.508865845820312e+08,2.219564865236352e+01,4.383454987420347e-06,3,4.481816757470369e-02,9.015475373115913e+02
0,4.667254474847854e+20,-8.508790343574219e+08,2.219910192865449e+01,3.334599832532092e-06,4,4.455184936523438e-02,9.015544549003152e+02
0,1.187300001339554e+22,-8.508714494082031e+08,2.220282254398772e+01,6.359728492245839e-06,2,4.464430827647448e-02,9.015614068989228e+02
0,2.180723928358391e+20,-8.508638297285156e+08,2.220680650420766e+01,3.828812509297589e-06,6,4.406901914626360e-02,9.015683933142807e+02
0,3.536836087671329e+20,-8.508561753007812e+08,2.221104986199472e+01,4.470636045622375e-06,5,4.461749736219645e-02,9.015754141539405e+02
0,3.093215210463560e+20,-8.508484861093750e+08,2.221554879008375e+01,1.438166237439180e-05,4,4.474086035043001e-02,9.015824694254511e+02
0,7.964927826347248e+20,-8.508407621425781e+08,2.222029953305039e+01,3.043785720367522e-06,4,4.408944584429264e-02,9.015895591343012e+02
0,6.827524579632685e+20,-8.508330033867188e+08,2.222529833246459e+01,8.515268389651802e-06,6,4.466270469129086e-02,9.015966832918875e+02
0,1.632179532763033e+22,-8.508252098261719e+08,2.223054160860716e+01,7.611467262819386e-06,4,4.502486437559128e-02,9.016038419056713e+02
0,7.197063340065994e+20,-8.508173814472656e+08,2.223602579877880e+01,5.649777222669299e-06,4,4.460697341710329e-02,9.016110349840067e+02
0,2.126556196543747e+20,-8.508095182246094e+08,2.224174741650922e+01,3.148275866047281e-06,5,4.468180052936077e-02,9.016182625377035e+02
0,7.506167558208174e+20,-8.508016201621094e+08,2.224770305068087e+01,3.063326319544943e-06,6,4.427008703351021e-02,9.016255245748724e+02
0,7.510307322206658e+20,-8.507936872109375e+08,2.225388935279404e+01,5.899238341614950e-06,2,4.457527957856655e-02,9.016328211073171e+02
0,4.064152998857030e+20,-8.507857193925781e+08,2.226030302214440e+01,1.809568674839585e-05,3,4.477495979517698e-02,9.016401521444753e+02
0,6.459834984501407e+20,-8.507777166601562e+08,2.226694087737250e+01,2.344883941282231e-05,3,4.495090618729591e-02,9.016475176977600e+02
0,1.015793570595668e+21,-8.507696790097656e+08,2.227379974685068e+01,5.381505682800950e-06,4,4.515527281910181e-02,9.016549177787170e+02
0,4.515232608375397e+20,-8.507616064179688e+08,2.228087654517673e+01,4.895536832834753e-06,2,4.515834990888834e-02,9.016623523989385e+02
0,3.622882435039526e+20,-8.507534988613281e+08,2.228816822783621e+01,3.081002940175321e-06,5,4.498037789016962e-02,9.016698215723177e+02
0,5.180843513299920e+20,-8.507453563339844e+08,2.229567183202425e+01,4.755247363009196e-06,6,4.463110957294703e-02,9.016773253092663e+02
0,1.032529739534083e+20,-8.507371788027344e+08,2.230338445617639e+01,2.415212107447704e-05,3,4.429158382117748e-02,9.016848636250231e+02
0,9.209286057425902e+19,-8.507289662539062e+08,2.231130322105450e+01,6.258214654354760e-06,3,4.472355823963881e-02,9.016924365314702e+02
0,1.924281092655634e+21,-8.507207186679688e+08,2.231942534495399e+01,5.569772316323119e-06,5,4.478119127452374e-02,9.017000440433318e+02
0,1.909610576819583e+20,-8.507124360097656e+08,2.232774807891674e+01,6.288959703256705e-06,5,4.573445301502943e-02,9.017076861745774e+02
0,2.601837048936400e+20,-8.507041182792969e+08,2.233626872391541e+01,2.342426667543403e-06,5,4.416587762534618e-02,9.017153629406505e+02
0,5.741636393164017e+20,-8.506957654375000e+08,2.234498465410140e+01,3.403220280108622e-06,5,4.458031151443720e-02,9.017230743569585e+02
0,2.077753088263966e+21,-8.506873774746094e+08,2.235389327677452e+01,5.917815278177750e-06,3,4.471802245825529e-02,9.017308204401745e+02
0,9.042320878206449e+20,-8.506789543476562e+08,2.236299205809841e+01,3.172840864733193e-06,4,4.458880145102739e-02,9.017386012048846e+02
0,4.336185106202762e+20,-8.506704960527344e+08,2.237227849684632e+01,7.226905487645475e-06,4,4.471523780375719e-02,9.017464166691133e+02
0,6.247164801170489e+20,-8.506620025605469e+08,2.238175015405755e+01,2.579540358294766e-06,6,4.463115520775318e-02,9.017542668487640e+02
0,5.482110747062834e+20,-8.506534738437500e+08,2.239140465665666e+01,5.340719540418635e-06,4,4.488327074795961e-02,9.017621517631331e+02
0,3.603777505229580e+20,-8.506449098671875e+08,2.240123964753878e+01,3.987829607175422e-06,6,4.490229487419128e-02,9.017700714296193e+02
0,3.904144308443564e+20,-8.506363106250000e+08,2.241125281514961e+01,1.299361944586588e-05,4,4.552106652408838e-02,9.017780258667146e+02
0,6.331941813156896e+20,-8.506276760781250e+08,2.242144193496569e+01,3.704436551811246e-06,3,4.499667044728994e-02,9.017860150931125e+02
0,9.867363477426641e+21,-8.506190061953125e+08,2.243180476352408e+01,2.995125692453992e-06,6,4.478094633668661e-02,9.017940391284126e+02
0,4.362527256168267e+20,-8.506103009648438e+08,2.244233911756356e+01,6.340310865425777e-06,3,4.431845899671316e-02,9.018020979938382e+02
0,5.253447173232885e+20,-8.506015603515625e+08,2.245304287395872e+01,2.866935403205761e-06,4,4.489552136510611e-02,9.018101917078631e+02
0,1.848557896267339e+21,-8.505927843261719e+08,2.246391399563588e+01,5.342002790199074e-06,5,4.459162428975105e-02,9.018183202928147e+02
0,1.108095921309061e+21,-8.505839728632812e+08,2.247495037255342e+01,4.882935992834747e-06,5,4.468026757240295e-02,9.018264837685360e+02
0,7.735054432003828e+20,-8.505751259199219e+08,2.248615001838761e+01,6.176305132858480e-06,5,4.516664613038301e-02,9.018346821596126e+02
0,3.308832074791056e+20,-8.505662434785156e+08,2.249751095030766e+01,3.585858227168036e-06,3,4.456848744302988e-02,9.018429154882364e+02
0,5.777336850428523e+20,-8.505573255117188e+08,2.250903125731712e+01,4.567909037552451e-06,2,4.479158576577902e-02,9.018511837747120e+02
0,2.390649815852610e+21,-8.505483719843750e+08,2.252070902395958e+01,2.717570300930047e-06,4,4.475954081863165e-02,9.018594870446227e+02
0,3.504673466177422e+20,-8.505393828535156e+08,2.253254238658931e+01,2.622656633783062e-06,7,4.476559627801180e-02,9.018678253196978e+02
0,1.015911514693591e+21,-8.505303581113281e+08,2.254452950672587e+01,3.691516984263860e-06,3,4.449550900608301e-02,9.018761986255282e+02
0,1.577893781586976e+20,-8.505212977031250e+08,2.255666862241986e+01,4.988494057333282e-06,5,4.477248620241880e-02,9.018846069881175e+02
0,7.788289352119847e+19,-8.505122016074219e+08,2.256895795028233e+01,2.859323525325313e-06,5,4.425151273608208e-02,9.018930504313726e+02
0,3.372370259227779e+20,-8.505030697890625e+08,2.258139576640034e+01,4.321527880924723e-06,4,4.461417905986309e-02,9.019015289812137e+02
0,1.812314468026985e+21,-8.504939022070312e+08,2.259398038860278e+01,5.897005798653409e-06,2,4.469197243452072e-02,9.019100426631890e+02
0,7.530601672653223e+20,-8.504846988417969e+08,2.260671017337594e+01,5.016710119136173e-06,4,4.492881987243891e-02,9.019185915062726e+02
0,8.928055537002204e+20,-8.504754596367188e+08,2.261958345678733e+01,2.999269902244959e-06,4,4.470588825643063e-02,9.019271755362330e+02
0,2.048662550307832e+20,-8.504661845800781e+08,2.263259863406712e+01,6.200705546279479e-06,5,4.453063942492008e-02,9.019357947818567e+02
0,1.585538271476275e+20,-8.504568736113281e+08,2.264575414967504e+01,3.137314813798147e-06,6,4.506601765751839e-02,9.019444492704923e+02
0,1.716337992988422e+21,-8.504475267089844e+08,2.265904846586773e+01,8.451817309377043e-06,2,4.436555784195662e-02,9.019531390317539e+02
0,5.720407914892882e+20,-8.504381438398438e+08,2.267248007963391e+01,5.035241391976168e-06,4,4.450981877744198e-02,9.019618640933741e+02
0,3.400654996139907e+21,-8.504287249531250e+08,2.268604747694794e+01,5.075422433242152e-06,4,4.478006716817617e-02,9.019706244863776e+02
0,3.465647465381932e+20,-8.504192700097656e+08,2.269974921791503e+01,5.024333631563612e-06,5,4.525155387818813e-02,9.019794202413786e+02
0,1.547976059603566e+21,-8.504097789863281e+08,2.271358386412932e+01,3.340746772479426e-06,4,4.474113229662180e-02,9.019882513903058e+02
0,1.872843399474340e+20,-8.504002518300781e+08,2.272755003788584e+01,6.141882060763254e-06,3,4.413138888776302e-02,9.019971179624790e+02
0,6.096720755832860e+20,-8.503906884980469e+08,2.274164632918519e+01,5.896077330373337e-06,4,4.504610504955053e-02,9.020060199910288e+02
0,5.744195282017721e+20,-8.503810889648438e+08,2.275587140236892e+01,5.296094119260364e-06,7,4.488777182996273e-02,9.020149575072826e+02
0,3.050650541268257e+20,-8.503714531738281e+08,2.277022393566855e+01,4.239071511453831e-06,6,4.416378960013390e-02,9.020239305441372e+02
0,8.014327623771121e+20,-8.503617810957031e+08,2.278470260730998e+01,2.992549554456000e-06,5,4.459164291620255e-02,9.020329391362410e+02
0,1.899261529389024e+21,-8.503520726757812e+08,2.279930614747088e+01,2.807248346569320e-06,6,4.506127256900072e-02,9.020419833164975e+02
0,3.675812818294338e+20,-8.503423278867188e+08,2.281403331043607e+01,3.631295836402005e-06,5,4.470985196530819e-02,9.020510631196750e+02
0,3.083773151578025e+20,-8.503325466660156e+08,2.282888283448874e+01,7.429309655705413e-06,7,4.484295658767223e-02,9.020601785811347e+02
0,2.581727776692277e+21,-8.503227289863281e+08,2.284385354011244e+01,5.445708897848352e-06,6,4.480886552482843e-02,9.020693297354619e+02
0,1.798208388173906e+20,-8.503128747929688e+08,2.285894425517741e+01,9.250246569329646e-06,3,4.484161827713251e-02,9.020785166206077e+02
0,3.729072369898346e+20,-8.503029840527344e+08,2.287415377311191e+01,6.612256532714062e-06,4,4.495748784393072e-02,9.020877392709740e+02
0,1.351740343847511e+20,-8.502930567050781e+08,2.288948095791123e+01,4.841715143628805e-06,4,4.446888435631990e-02,9.020969977258002e+02
0,3.527739035088026e+20,-8.502830927050781e+08,2.290492470662959e+01,3.114618120383189e-06,4,4.460215941071510e-02,9.021062920208493e+02
0,3.677741416525129e+20,-8.502730920097656e+08,2.292048388321202e+01,1.081487305810806e-05,2,4.462355747818947e-02,9.021156221962746e+02
0,2.539127616243621e+20,-8.502630545859375e+08,2.293615745590785e+01,5.042765347384284e-06,5,4.488401114940643e-02,9.021249882886463e+02
0,6.602782327282507e+20,-8.502529803593750e+08,2.295194431929939e+01,5.603168197294064e-06,4,4.409124422818422e-02,9.021343903380896e+02
0,1.661307308066173e+20,-8.502428692910156e+08,2.296784344652612e+01,3.144160595928639e-06,5,4.471163079142570e-02,9.021438283832889e+02
0,4.633827249737326e+19,-8.502327213515625e+08,2.298385381103988e+01,5.603978718126946e-06,4,4.475496429949999e-02,9.021533024674751e+02
0,7.577112184892508e+20,-8.502225364628906e+08,2.299997440182237e+01,3.328436287072856e-06,5,4.468196630477905e-02,9.021628126293526e+02
0,9.926281266657645e+19,-8.502123145917969e+08,2.301620425103870e+01,2.939924089341023e-06,5,4.479903727769852e-02,9.021723589109630e+02
0,1.063960259606740e+21,-8.502020556777344e+08,2.303254236379708e+01,3.262136898748287e-06,4,4.461836442351341e-02,9.021819413537768e+02
0,5.445764909563220e+21,-8.501917596777344e+08,2.304898779299292e+01,6.042721623188456e-06,3,4.492507036775351e-02,9.021915600016372e+02
0,4.457120027525206e+20,-8.501814265253906e+08,2.306553963777158e+01,2.824658324327123e-06,5,4.534999560564756e-02,9.022012148955421e+02
0,1.118823291054148e+20,-8.501710561914062e+08,2.308219695093471e+01,3.552799667213156e-06,5,4.495439305901527e-02,9.022109060796253e+02
0,1.935778643969661e+20,-8.501606486093750e+08,2.309895881893808e+01,5.522300066720880e-06,2,4.479724168777466e-02,9.022206335994294e+02
0,6.134045324020593e+20,-8.501502037187500e+08,2.311582441344740e+01,8.779559326369922e-06,4,4.479751735925674e-02,9.022303974975322e+02
0,9.664799500889381e+19,-8.501397214687500e+08,2.313279280069817e+01,6.627057740172155e-06,3,4.508091229945421e-02,9.022401978204906e+02
0,3.966936015077787e+20,-8.501292018183594e+08,2.314986319151038e+01,6.263745984952642e-06,4,4.509672056883574e-02,9.022500346156302e+02
0,7.034012647916928e+19,-8.501186447011719e+08,2.316703471351581e+01,5.993604213124206e-06,4,4.465157445520163e-02,9.022599079269550e+02
0,4.179659364086911e+20,-8.501080500546875e+08,2.318430654428113e+01,2.913198180356766e-06,3,4.459650628268719e-02,9.022698178014309e+02
0,3.918843372604974e+20,-8.500974178320312e+08,2.320167790934084e+01,3.495667119998600e-06,5,4.425878170877695e-02,9.022797642876812e+02
0,1.390158504716620e+20,-8.500867479609375e+08,2.321914798393299e+01,4.028304344654753e-06,4,4.530637152493000e-02,9.022897474326498e+02
0,1.734990944944164e+20,-8.500760404101562e+08,2.323671601158686e+01,2.591459267569784e-06,7,4.471218958497047e-02,9.022997672868889e+02
0,1.174669309204480e+20,-8.500652950996094e+08,2.325438123135383e+01,2.941899067719242e-06,7,4.487816430628300e-02,9.023098238984691e+02
0,2.809092499054057e+20,-8.500545119746094e+08,2.327214289785020e+01,3.059206642461792e-06,6,4.469764791429043e-02,9.023199173164545e+02
0,2.334659572584732e+21,-8.500436909824219e+08,2.329000027462876e+01,2.454286595389637e-05,3,4.379476141184568e-02,9.023300475921180e+02
0,1.473049582616127e+20,-8.500328320546875e+08,2.330795262321650e+01,4.465210244756253e-06,4,4.493763484060764e-02,9.023402147756105e+02
0,3.154377982349932e+20,-8.500219351328125e+08,2.332599925418784e+01,4.312797663464148e-06,5,4.475810471922159e-02,9.023504189185026e+02
0,3.647412409028217e+20,-8.500110001582031e+08,2.334413951252082e+01,2.556032029543342e-06,3,4.462407529354095e-02,9.023606600740834e+02
0,5.373456773357841e+20,-8.500000270585938e+08,2.336237265207667e+01,4.393911716291946e-06,3,4.457562603056431e-02,9.023709382936992e+02
0,2.633249977410189e+21,-8.499890157851562e+08,2.338069803820506e+01,3.827280118816145e-06,5,4.480953793972731e-02,9.023812536310305e+02
0,1.773394272477906e+20,-8.499779662656250e+08,2.339911503838681e+01,2.582984346287885e-06,5,4.484005831182003e-02,9.023916061382495e+02
0,5.219637670093096e+21,-8.499668784394531e+08,2.341762295542655e+01,6.056711804461962e-06,4,4.494074732065201e-02,9.024019958714548e+02
0,1.132827399015333e+20,-8.499557522343750e+08,2.343622120245835e+01,2.942701517912320e-06,3,4.492757096886635e-02,9.024124228853941e+02
0,4.932164298499833e+20,-8.499445875996094e+08,2.345490914164801e+01,3.532890002611480e-06,2,4.491082578897476e-02,9.024228872351840e+02
0,1.459524103768152e+20,-8.499333844550781e+08,2.347368618348859e+01,5.962913271455575e-06,4,4.409053456038237e-02,9.024333889775859e+02
0,4.575377744413500e+20,-8.499221427402344e+08,2.349255172824101e+01,3.269297441788086e-06,4,4.463909938931465e-02,9.024439281686932e+02
0,6.023291316567490e+20,-8.499108623906250e+08,2.351150519004422e+01,5.313644888684147e-06,5,4.461322631686926e-02,9.024545048641340e+02
0,4.328997547041435e+20,-8.498995433320312e+08,2.353054599755337e+01,4.672755214509544e-06,5,4.452724661678076e-02,9.024651191256783e+02
0,1.754333479521345e+20,-8.498881855019531e+08,2.354967355757934e+01,1.384518291488835e-05,2,4.424658603966236e-02,9.024757710089904e+02
0,3.904273383919919e+20,-8.498767888320312e+08,2.356888737539249e+01,6.412403603234627e-06,4,4.503333382308483e-02,9.024864605724309e+02
0,2.842596774151414e+20,-8.498653532441406e+08,2.358818687868850e+01,4.322341794041498e-06,5,4.487587045878172e-02,9.024971878785694e+02
0,4.343279131414093e+20,-8.498538786718750e+08,2.360757152982576e+01,4.878290410580155e-06,5,4.490953218191862e-02,9.025079529856964e+02
0,2.410298182318472e+20,-8.498423650488281e+08,2.362704082469553e+01,7.443930480598532e-06,4,4.479625727981329e-02,9.025187559556103e+02
0,6.514192301460773e+20,-8.498308122949219e+08,2.364659427406724e+01,4.991388117861780e-06,5,4.493979085236788e-02,9.025295968486779e+02
0,9.325780926848435e+20,-8.498192203515625e+08,2.366623131948032e+01,5.078320141818121e-06,4,4.456892050802708e-02,9.025404757279974e+02
0,8.110818691411807e+21,-8.498075891289062e+08,2.368595154616269e+01,2.475812662773411e-06,7,4.464067891240120e-02,9.025513926551306e+02
0,8.938701911893040e+20,-8.497959185683594e+08,2.370575441467630e+01,4.553600954286086e-06,4,4.468536097556353e-02,9.025623476942012e+02
0,7.582328278796544e+20,-8.497842085800781e+08,2.372563948178194e+01,3.886240380293545e-06,6,4.474720079451799e-02,9.025733409083944e+02
0,1.325710005983623e+20,-8.497724591152344e+08,2.374560628435495e+01,3.397613942804267e-06,5,4.471403174102306e-02,9.025843723634351e+02
0,3.051595820840963e+20,-8.497606700664062e+08,2.376565436348958e+01,3.765269793489135e-06,5,4.531183466315269e-02,9.025954421235876e+02
0,2.751222487338331e+20,-8.497488413691406e+08,2.378578329425288e+01,2.765566862673837e-06,5,4.457688890397549e-02,9.026065502547244e+02
0,1.442344462698955e+21,-8.497369729609375e+08,2.380599261918504e+01,5.504192517723557e-06,3,4.488971550017595e-02,9.026176968234014e+02
0,1.814026209703112e+21,-8.497250647539062e+08,2.382628193302592e+01,7.095145833522046e-06,4,4.494921676814556e-02,9.026288818967536e+02
0,6.218290409993665e+20,-8.497131166562500e+08,2.384665080639923e+01,3.071730594685842e-06,5,4.523556958884001e-02,9.026401055420523e+02
0,1.516780954053678e+21,-8.497011286113281e+08,2.386709884280419e+01,5.578530738882184e-06,4,4.464910831302404e-02,9.026513678269390e+02
0,1.630806079380121e+21,-8.496891005312500e+08,2.388762563278922e+01,6.603521468333289e-06,3,4.505320359021425e-02,9.026626688211196e+02
0,2.717664184283310e+21,-8.496770323398438e+08,2.390823079304182e+01,9.802195985572130e-06,4,4.488321486860514e-02,9.026740085938429e+02
0,6.238295737899934e+19,-8.496649239277344e+08,2.392891394131029e+01,3.331563881601494e-06,4,4.475612007081509e-02,9.026853872148113e+02
0,2.542498643181497e+20,-8.496527752617188e+08,2.394967469979244e+01,1.023252339633336e-05,4,4.509086627513170e-02,9.026968047557272e+02
0,1.437474043787034e+22,-8.496405862304688e+08,2.397051270000028e+01,1.603005824461193e-05,3,4.428354371339083e-02,9.027082612870142e+02
0,9.962056944083966e+20,-8.496283567500000e+08,2.399142758599694e+01,9.248489115533132e-06,5,4.467980377376080e-02,9.027197568816634e+02
0,1.052669889949099e+21,-8.496160867460938e+08,2.401241901360798e+01,3.436256840601873e-06,4,4.498334694653749e-02,9.027312916110025e+02
0,2.125132837627887e+20,-8.496037761289062e+08,2.403348662760809e+01,6.074432966600001e-06,6,4.492036532610655e-02,9.027428655496706e+02
0,1.902205463385689e+20,-8.495914248203125e+08,2.405463010293514e+01,8.974006369406322e-06,3,4.456817638128996e-02,9.027544787716630e+02
0,4.970725216148535e+20,-8.495790327246094e+08,2.407584909358074e+01,3.807668315352127e-06,5,4.456611257046461e-02,9.027661313506578e+02
0,1.122703009363546e+21,-8.495665997695312e+08,2.409714330397223e+01,6.054110471588449e-06,4,4.477833677083254e-02,9.027778233643004e+02
0,2.062258960775634e+20,-8.495541258515625e+08,2.411851239735075e+01,3.900743608525248e-06,4,4.474855959415436e-02,9.027895548848753e+02
0,4.173092225470047e+20,-8.495416108906250e+08,2.413995606819131e+01,7.690181073036294e-06,4,4.455754999071360e-02,9.028013259905847e+02
0,1.686736655763246e+20,-8.495290548066406e+08,2.416147403645387e+01,6.316209262983729e-06,4,4.433833621442318e-02,9.028131367592109e+02
0,2.166002873219329e+20,-8.495164574960938e+08,2.418306599018612e+01,3.613252457094999e-06,5,4.529907833784819e-02,9.028249872671300e+02
0,4.877764130776413e+21,-8.495038188828125e+08,2.420473165578229e+01,2.622347779182294e-06,5,4.484895616769791e-02,9.028368775946444e+02
0,5.461522101609827e+20,-8.494911388652344e+08,2.422647074555573e+01,5.167008799067390e-06,4,4.471407085657120e-02,9.028488078195653e+02
0,3.549749471786116e+20,-8.494784173515625e+08,2.424828300485920e+01,1.156332339915491e-05,4,4.491057991981506e-02,9.028607780217767e+02
0,1.732618953906857e+20,-8.494656542617188e+08,2.427016812158176e+01,1.542967352910645e-05,3,4.476741701364517e-02,9.028727882823980e+02
0,3.794347767383276e+20,-8.494528495000000e+08,2.429212587035171e+01,3.269102488708583e-06,3,4.459988698363304e-02,9.028848386836246e+02
0,8.857398111917931e+20,-8.494400029648438e+08,2.431415599685660e+01,6.165731107477491e-06,2,4.459776263684034e-02,9.028969293047055e+02
0,1.946686064684564e+20,-8.494271145722656e+08,2.433625825486288e+01,1.239659187936686e-05,4,4.483996517956257e-02,9.029090602301437e+02
0,5.128872582479117e+20,-8.494141842167969e+08,2.435843238606814e+01,7.377959064054906e-06,4,4.438830818980932e-02,9.029212315425191e+02
0,4.181224294348060e+20,-8.494012118066406e+08,2.438067817375313e+01,8.605786616064076e-06,5,4.453382361680269e-02,9.029334433271953e+02
0,5.743863445886922e+20,-8.493881972460938e+08,2.440299538229639e+01,2.950801962066830e-06,5,4.501746967434883e-02,9.029456956674002e+02
0,1.844419131375196e+20,-8.493751404472656e+08,2.442538379751712e+01,5.959101247973461e-06,2,4.474302008748055e-02,9.029579886485220e+02
0,7.356393676688454e+20,-8.493620413046875e+08,2.444784315696952e+01,5.341553935912834e-06,4,4.471988044679165e-02,9.029703223570508e+02
0,2.402768820527726e+20,-8.493488997128906e+08,2.447037330456925e+01,3.426037663259584e-06,4,4.494055733084679e-02,9.029826968793686e+02
0,2.747663715108574e+20,-8.493357155800781e+08,2.449297400726386e+01,5.355085367218278e-06,2,4.457370843738317e-02,9.029951123029512e+02
0,1.647542171867280e+20,-8.493224888203125e+08,2.451564507480889e+01,6.295212984557110e-06,5,4.465970024466515e-02,9.030075687152911e+02
0,5.176558302252307e+20,-8.493092193046875e+08,2.453838630047336e+01,7.780324859916562e-06,2,4.431761987507343e-02,9.030200662051431e+02
0,6.259370521113014e+20,-8.492959069570312e+08,2.456119752179734e+01,6.291318913325031e-06,4,4.487866163253784e-02,9.030326048620591e+02
0,4.607232503806691e+20,-8.492825516542969e+08,2.458407853719630e+01,5.027513416221811e-06,5,4.438462108373642e-02,9.030451847768786e+02
0,2.245596473432221e+21,-8.492691533105469e+08,2.460702914713531e+01,2.371702847029935e-06,6,4.909572470933199e-02,9.030578060402299e+02
0,1.577321294374389e+21,-8.492557118144531e+08,2.463004922083083e+01,3.088650213219666e-06,6,4.478836897760630e-02,9.030704687424125e+02
0,4.095809490754630e+20,-8.492422270664062e+08,2.465313854617831e+01,3.406061264679549e-06,4,4.454939253628254e-02,9.030831729774440e+02
0,1.043168034066686e+20,-8.492286989550781e+08,2.467629699130437e+01,1.221889338868056e-05,2,4.430317040532827e-02,9.030959188372997e+02
0,2.759187520932253e+20,-8.492151273789062e+08,2.469952438939027e+01,3.635114145158068e-06,2,4.465985018759966e-02,9.031087064159129e+02
0,7.142758264871087e+20,-8.492015122246094e+08,2.472282059638531e+01,6.145389566098757e-06,5,4.494881909340620e-02,9.031215358075567e+02
0,1.016602336056520e+22,-8.491878533984375e+08,2.474618543472364e+01,4.388654984674263e-06,6,4.470992088317871e-02,9.031344071080657e+02
0,2.110493731232783e+21,-8.491741507812500e+08,2.476961880812335e+01,5.393649025695735e-06,4,4.452455043792725e-02,9.031473204118474e+02
0,1.032777367197429e+20,-8.491604042617188e+08,2.479312055640224e+01,5.821867703106485e-06,5,4.399274103343487e-02,9.031602758176168e+02
0,2.640652007733748e+21,-8.491466137441406e+08,2.481669052057459e+01,2.728288014727470e-06,3,4.463277384638786e-02,9.031732734221063e+02
0,2.573274453397829e+20,-8.491327791054688e+08,2.484032862809788e+01,6.324615971954130e-06,5,4.467919934540987e-02,9.031863133218961e+02
0,2.716956536014423e+20,-8.491189002363281e+08,2.486403469757029e+01,4.381237239331358e-06,5,4.471937660127878e-02,9.031993956180590e+02
0,2.759546929069581e+21,-8.491049770292969e+08,2.488780865175484e+01,4.791547678022047e-06,7,4.441366624087095e-02,9.032125204081084e+02
0,6.838556463119442e+20,-8.490910093691406e+08,2.491165035459936e+01,4.148238962842855e-06,3,4.444690234959126e-02,9.032256877926712e+02
0,3.080801263326128e+20,-8.490769971406250e+08,2.493555969221392e+01,5.841524522398740e-06,4,4.530999157577753e-02,9.032388978742204e+02
0,2.134296782630908e+20,-8.490629402304688e+08,2.495953657609245e+01,4.585709832305393e-06,4,4.481623880565166e-02,9.032521507538452e+02
0,7.958836772320479e+19,-8.490488385273438e+08,2.498358091911577e+01,1.509628983991872e-05,3,4.474842455238104e-02,9.032654465337340e+02
0,1.275246559750708e+21,-8.490346919023438e+08,2.500769258995266e+01,4.597946915460145e-06,6,4.430354107171297e-02,9.032787853182301e+02
0,1.774217721409407e+20,-8.490205002578125e+08,2.503187152124907e+01,3.991925157242336e-06,4,4.422467388212681e-02,9.032921672100499e+02
0,1.302855520694676e+21,-8.490062634570312e+08,2.505611759744692e+01,2.472613257808917e-06,5,4.473764915019274e-02,9.033055923145799e+02
0,2.281834964616665e+21,-8.489919813964844e+08,2.508043077923697e+01,6.533178922016456e-06,4,4.452386405318975e-02,9.033190607386733e+02
0,5.913695643984067e+20,-8.489776539492188e+08,2.510481093432648e+01,1.905956302197685e-05,2,4.447720386087894e-02,9.033325725851807e+02
0,4.687155975300950e+20,-8.489632809960938e+08,2.512925804780099e+01,4.162363091757714e-06,5,4.425712861120701e-02,9.033461279649207e+02
0,1.499408375310232e+21,-8.489488624179688e+08,2.515377197259128e+01,2.964494862178019e-06,4,4.471045080572367e-02,9.033597269837292e+02
0,1.655801109028565e+20,-8.489343980996094e+08,2.517835272089691e+01,6.983168091776980e-06,3,4.446831997483969e-02,9.033733697521735e+02
0,3.864245157708454e+20,-8.489198878984375e+08,2.520300017682634e+01,5.275731896619189e-06,3,5.359502695500851e-02,9.033870563788921e+02
0,2.464338913277951e+20,-8.489053317089844e+08,2.522771433240572e+01,4.580751640401468e-06,5,4.490017890930176e-02,9.034007869748281e+02
0,2.449042558288655e+20,-8.488907294003906e+08,2.525249507446413e+01,4.901871751189522e-06,4,4.432776197791100e-02,9.034145616492026e+02
0,2.430244202578883e+21,-8.488760808496094e+08,2.527734237409094e+01,6.475819127465013e-06,3,4.462956730276346e-02,9.034283805144777e+02
0,1.412154487357917e+20,-8.488613859375000e+08,2.530225620311302e+01,5.454005335881284e-06,4,4.469267372041941e-02,9.034422436832209e+02
0,2.837583150034571e+20,-8.488466445214844e+08,2.532723649225158e+01,5.456959560560269e-06,5,4.481712728738785e-02,9.034561512708933e+02
0,7.109737423735581e+19,-8.488318564785156e+08,2.535228323490117e+01,3.215277065522035e-06,5,4.446213226765394e-02,9.034701033903004e+02
0,7.007473006390628e+20,-8.488170216953125e+08,2.537739637684271e+01,5.780374790289845e-06,4,4.466528911143541e-02,9.034841001559151e+02
0,2.776973107613949e+20,-8.488021400156250e+08,2.540257586782821e+01,5.440488223155121e-06,4,4.425234068185091e-02,9.034981416844382e+02
0,2.142444907782269e+21,-8.487872113300781e+08,2.542782170739850e+01,5.148246027576756e-06,2,4.428408760577440e-02,9.035122280911073e+02
0,6.997873031635324e+20,-8.487722355097656e+08,2.545313385503833e+01,1.494601977645720e-05,2,4.254288226366043e-02,9.035263594962314e+02
0,2.544586555423957e+20,-8.487572124082031e+08,2.547851231020011e+01,5.137544080550297e-06,5,3.816342167556286e-02,9.035405360169543e+02
0,1.527431694665592e+20,-8.487421419003906e+08,2.550395703070622e+01,7.695173853594893e-06,2,3.805562015622854e-02,9.035547577715582e+02
0,1.034682795530783e+20,-8.487270238437500e+08,2.552946801517976e+01,4.096881851738838e-06,5,3.776908665895462e-02,9.035690248805045e+02
0,3.501581686667788e+20,-8.487118581132812e+08,2.555504527347848e+01,8.121424108788054e-06,5,4.644563235342503e-02,9.035833374652399e+02
0,1.679355754891461e+20,-8.486966445781250e+08,2.558068874784330e+01,4.377470152223748e-06,6,3.808070160448551e-02,9.035976956459878e+02
0,1.679009177207048e+21,-8.486813830937500e+08,2.560639849490561e+01,3.905324701196789e-06,4,3.810905106365681e-02,9.036120995456118e+02
0,1.307459520456675e+21,-8.486660735214844e+08,2.563217447844754e+01,3.257624387017022e-06,7,4.456629976630211e-02,9.036265492883930e+02
0,3.509042620961779e+20,-8.486507157246094e+08,2.565801669681759e+01,3.821724897335166e-06,5,3.764112386852503e-02,9.036410449983764e+02
0,1.564088241369763e+21,-8.486353095722656e+08,2.568392519423136e+01,7.897558292145127e-06,6,4.376750998198986e-02,9.036555868007551e+02
0,6.686272765880568e+21,-8.486198549179688e+08,2.570989998078565e+01,6.171825518547936e-06,3,4.452663473784924e-02,9.036701748202036e+02
0,4.730768159263377e+20,-8.486043516074219e+08,2.573594102352143e+01,3.062927655472868e-06,4,4.489206522703171e-02,9.036848091851241e+02
0,6.752072665797796e+20,-8.485887995214844e+08,2.576204839965873e+01,3.661625789611390e-06,3,4.439771175384521e-02,9.036994900224787e+02
0,1.222252111281351e+21,-8.485731985039062e+08,2.578822207125338e+01,3.613396524971999e-06,4,4.512826446443796e-02,9.037142174603515e+02
0,8.774352496996747e+20,-8.485575484160156e+08,2.581446210373307e+01,1.143408434758718e-05,5,4.515674710273743e-02,9.037289916275707e+02
0,2.068316830000039e+20,-8.485418491074219e+08,2.584076851805319e+01,3.821485731603329e-06,3,3.820612654089928e-02,9.037438126563238e+02
0,6.873947546280983e+20,-8.485261004316406e+08,2.586714131978932e+01,5.291581218144979e-06,2,3.909361548721790e-02,9.037586806767152e+02
0,5.093996432723727e+20,-8.485103022617188e+08,2.589358059294707e+01,3.118153086235310e-06,5,4.499919433146715e-02,9.037735958207476e+02
0,9.704300031094228e+20,-8.484944544296875e+08,2.592008634042363e+01,4.959869370587497e-06,5,4.552947729825974e-02,9.037885582205266e+02
0,3.837926259850523e+20,-8.484785567929688e+08,2.594665861616360e+01,2.635480044546045e-05,2,3.792661894112825e-02,9.038035680109548e+02
0,1.459275984126527e+20,-8.484626091972656e+08,2.597329742629199e+01,3.996160775256220e-06,4,3.834186214953661e-02,9.038186253272178e+02
0,2.932962385677754e+20,-8.484466114960938e+08,2.600000287157772e+01,3.259299596635570e-06,4,3.800402767956257e-02,9.038337303035188e+02
0,1.624362407793218e+20,-8.484305635410156e+08,2.602677499419657e+01,5.177337094654839e-06,4,4.421143420040607e-02,9.038488830781847e+02
0,5.764194665026410e+20,-8.484144651777344e+08,2.605361381106147e+01,6.099542467267495e-06,4,3.864317201077938e-02,9.038640837859241e+02
0,6.422446592609712e+20,-8.483983162617188e+08,2.608051940057657e+01,5.397679111798877e-06,5,3.792930953204632e-02,9.038793325672904e+02
0,1.954602016579612e+20,-8.483821166191406e+08,2.610749184657813e+01,3.017724028415181e-06,3,4.526420682668686e-02,9.038946295607860e+02
0,4.996213170230699e+20,-8.483658661113281e+08,2.613453116307435e+01,6.654800496052531e-06,4,4.440758097916842e-02,9.039099749066271e+02
0,1.123183350766823e+20,-8.483495645703125e+08,2.616163746218054e+01,5.477524539034434e-06,5,4.334545973688364e-02,9.039253687468516e+02
0,1.064366667994279e+21,-8.483332118417969e+08,2.618881078542617e+01,1.353304085781317e-05,2,4.496476147323847e-02,9.039408112225817e+02
0,6.753465210719293e+20,-8.483168077812500e+08,2.621605122376392e+01,9.541009458639063e-06,4,4.444786533713341e-02,9.039563024763950e+02
0,2.860509578448405e+20,-8.483003522109375e+08,2.624335883107649e+01,1.982407550310184e-05,4,4.434058256447315e-02,9.039718426525601e+02
0,1.195307874026618e+21,-8.482838449843750e+08,2.627073369041640e+01,3.412241502261571e-06,5,4.456407576799393e-02,9.039874318962043e+02
0,4.671674001734424e+21,-8.482672859218750e+08,2.629817589120483e+01,4.192325476852720e-06,4,4.475016426295042e-02,9.040030703531332e+02
0,3.864617306054059e+20,-8.482506748906250e+08,2.632568550763621e+01,4.250555551344843e-06,5,4.470442049205303e-02,9.040187581707845e+02
0,1.887636548710173e+20,-8.482340116992188e+08,2.635326264002716e+01,3.329866698893040e-06,5,4.434464406222105e-02,9.040344954965057e+02
0,4.704655144543430e+20,-8.482172961933594e+08,2.638090737072559e+01,3.525158182834711e-06,3,4.558313451707363e-02,9.040502824781329e+02
0,1.140824207500796e+21,-8.482005282109375e+08,2.640861979247380e+01,5.036756146679556e-06,4,3.792815096676350e-02,9.040661192666008e+02
0,3.192818469249168e+20,-8.481837075820312e+08,2.643640000691714e+01,6.884933229598493e-06,4,3.808037657290697e-02,9.040820060124219e+02
0,2.317547979186705e+21,-8.481668341367188e+08,2.646424810104629e+01,6.395189376970973e-06,3,4.650654643774033e-02,9.040979428661075e+02
0,3.873315113295566e+20,-8.481499077167969e+08,2.649216419010540e+01,7.679186618373106e-06,4,3.797230590134859e-02,9.041139299812626e+02
0,1.659460655100230e+21,-8.481329281445312e+08,2.652014835764535e+01,3.271871055214408e-06,4,3.793518524616957e-02,9.041299675115985e+02
0,2.501941858943366e+20,-8.481158952460938e+08,2.654820072817110e+01,1.211525412463227e-05,4,3.794156946241856e-02,9.041460556111462e+02
0,5.835763740131928e+22,-8.480988088554688e+08,2.657632141477726e+01,3.915313849127146e-06,3,4.478914290666580e-02,9.041621944356710e+02
0,1.140243240535072e+21,-8.480816687968750e+08,2.660451052636193e+01,1.527391070022166e-05,2,3.795428667217493e-02,9.041783841422356e+02
Bad values:
0,nan,1,nan,2,nan,3,nan,4,nan,5,nan,6,nan,7,nan,8,nan,9,nan,10,nan,11,nan,12,-nan,13,nan,14,nan,15,nan,16,nan,17,nan,18,nan,19,nan,20,nan,21,-nan,22,nan,23,nan,24,nan,25,nan,26,nan,27,nan,28,nan,29,nan,30,nan,31,-nan,32,-nan,33,-nan,34,-nan,35,-nan,36,nan,37,nan,38,-nan,39,nan,40,-nan,41,nan,42,nan,43,nan,44,nan,45,nan,46,nan,47,nan,48,nan,49,nan,50,nan,51,nan,52,nan,
0,9.028037092673709e+21,-8.480644749042969e+08,2.663276816705357e+01,4.002854967848164e-06,4,-1.000000000000000e+00,nan

Intel MKL ERROR: Parameter 3 was incorrect on entry to DGEBAL.
